file,label
full_20260928_234213_582.jpg,no_ground
full_20260928_234221_798.jpg,blocked
full_20260928_234233_211.jpg,no_ground
full_20260928_234242_453.jpg,passable
full_20260928_234253_547.jpg,blocked
full_20260928_234255_510.jpg,passable
full_20260928_234256_981.jpg,passable
full_20260928_234258_695.jpg,passable
full_20260928_234502_686.jpg,passable
full_20260928_234504_088.jpg,passable
full_20260928_234505_983.jpg,passable
full_20260928_234508_069.jpg,passable
full_20260928_234509_964.jpg,passable
full_20260928_234511_302.jpg,passable
full_20260928_234512_701.jpg,passable
full_20260928_234514_413.jpg,passable
full_20260928_234516_748.jpg,passable
full_20260928_234518_707.jpg,no_ground
full_20260928_234521_103.jpg,passable
full_20260928_234524_730.jpg,passable
full_20260928_234526_691.jpg,blocked
full_20260928_234528_963.jpg,passable
full_20260928_234531_236.jpg,passable
full_20260928_234533_193.jpg,passable
full_20260928_234534_783.jpg,passable
full_20260928_234536_932.jpg,passable
full_20260928_234538_638.jpg,blocked
full_20260928_234540_853.jpg,blocked
full_20260928_234542_186.jpg,blocked
full_20260928_234544_216.jpg,passable
full_20260928_234546_245.jpg,passable
full_20260928_234558_261.jpg,passable
full_20260928_234559_911.jpg,passable
full_20260928_235001_265.jpg,passable
full_20260928_235002_978.jpg,passable
full_20260928_235005_395.jpg,passable
full_20260928_235007_690.jpg,passable
full_20260928_235009_830.jpg,passable
full_20260928_235014_314.jpg,passable
full_20260928_235015_838.jpg,passable
full_20260928_235018_247.jpg,passable
full_20260928_235019_648.jpg,passable
full_20260928_235021_681.jpg,blocked
full_20260928_235024_154.jpg,passable
full_20260928_235026_184.jpg,passable
full_20260928_235028_524.jpg,passable
full_20260928_235030_169.jpg,passable
full_20260928_235032_582.jpg,passable
full_20260928_235035_050.jpg,passable
full_20260928_235037_025.jpg,passable
full_20260928_235038_431.jpg,passable
full_20260928_235042_418.jpg,passable
full_20260928_235044_506.jpg,passable
full_20260928_235046_332.jpg,no_ground
full_20260928_235048_295.jpg,no_ground
full_20260928_235050_374.jpg,no_ground
full_20260928_235055_419.jpg,no_ground
full_20260928_235057_321.jpg,no_ground
full_20260929_154801_395.jpg,passable
full_20260929_154803_929.jpg,passable
full_20260929_154805_903.jpg,passable
full_20260929_154807_630.jpg,passable
full_20260929_154809_858.jpg,passable
full_20260929_154812_212.jpg,blocked
full_20260929_154813_936.jpg,passable
full_20260929_154815_540.jpg,blocked
full_20260929_154821_442.jpg,passable
full_20260929_154823_299.jpg,passable
full_20260929_154825_022.jpg,passable
full_20260929_154826_560.jpg,passable
full_20260929_154828_164.jpg,passable
full_20260929_154829_648.jpg,passable
full_20260929_154831_684.jpg,passable
full_20260929_154833_290.jpg,passable
full_20260929_154835_774.jpg,passable
full_20260929_154838_054.jpg,passable
full_20260929_154839_542.jpg,passable
full_20260929_154840_946.jpg,blocked
full_20260929_154842_427.jpg,blocked
full_20260929_154844_091.jpg,blocked
full_20260929_154845_511.jpg,passable
full_20260929_154846_866.jpg,passable
full_20260929_154848_967.jpg,passable
full_20260929_154851_190.jpg,passable
full_20260929_154853_289.jpg,passable
full_20260929_154855_573.jpg,blocked
full_20260929_154857_169.jpg,blocked
full_20260929_154858_521.jpg,blocked
full_20260929_155501_018.jpg,blocked
full_20260929_155503_109.jpg,passable
full_20260929_155505_509.jpg,passable
full_20260929_155507_906.jpg,passable
full_20260929_155509_986.jpg,blocked
full_20260929_155512_261.jpg,blocked
full_20260929_155514_102.jpg,passable
full_20260929_155515_945.jpg,passable
full_20260929_155517_348.jpg,passable
full_20260929_155519_059.jpg,passable
full_20260929_155521_017.jpg,passable
full_20260929_155522_671.jpg,blocked
full_20260929_155524_207.jpg,blocked
full_20260929_155531_365.jpg,passable
full_20260929_155533_390.jpg,blocked
full_20260929_155534_739.jpg,passable
full_20260929_155537_012.jpg,passable
full_20260929_155539_048.jpg,passable
full_20260929_155541_442.jpg,passable
full_20260929_155543_651.jpg,blocked
full_20260929_155545_859.jpg,blocked
full_20260929_155548_733.jpg,blocked
full_20260929_155552_527.jpg,passable
full_20260929_155554_555.jpg,passable
full_20260929_155556_511.jpg,passable
full_20260929_155558_281.jpg,passable
full_20260929_155900_906.jpg,passable
full_20260929_155903_425.jpg,blocked
full_20260929_155904_763.jpg,passable
full_20260929_155906_164.jpg,passable
full_20260929_155907_567.jpg,passable
full_20260929_155909_405.jpg,passable
full_20260929_155911_940.jpg,passable
full_20260929_155913_404.jpg,passable
full_20260929_155915_425.jpg,passable
full_20260929_155917_457.jpg,passable
full_20260929_155919_740.jpg,no_ground
full_20260929_155921_883.jpg,no_ground
full_20260929_155923_657.jpg,passable
full_20260929_155925_436.jpg,passable
full_20260929_155930_631.jpg,blocked
full_20260929_155932_588.jpg,passable
full_20260929_155934_610.jpg,no_ground
full_20260929_155936_258.jpg,blocked
full_20260929_155937_973.jpg,passable
full_20260929_155940_306.jpg,passable
full_20260929_155941_955.jpg,passable
full_20260929_155943_921.jpg,passable
full_20260929_155946_066.jpg,passable
full_20260929_155948_101.jpg,passable
full_20260929_155949_996.jpg,passable
full_20260929_155951_527.jpg,passable
full_20260929_155953_989.jpg,blocked
full_20260929_155955_714.jpg,passable
full_20260929_155957_366.jpg,passable
full_20260929_155959_083.jpg,passable
full_20260929_160957_621.jpg,passable
full_20260929_160959_394.jpg,passable
full_20260929_161945_816.jpg,no_ground
full_20260929_161956_430.jpg,passable
full_20260929_161958_779.jpg,passable
full_20260929_163501_144.jpg,passable
full_20260929_163503_230.jpg,blocked
full_20260929_163505_190.jpg,passable
full_20260929_163506_838.jpg,blocked
full_20260929_163509_300.jpg,passable
full_20260929_163510_757.jpg,passable
full_20260929_163513_029.jpg,blocked
full_20260929_163518_236.jpg,blocked
full_20260929_163520_133.jpg,passable
full_20260929_163522_404.jpg,passable
full_20260929_163524_178.jpg,blocked
full_20260929_163525_822.jpg,no_ground
full_20260929_163528_220.jpg,no_ground
full_20260929_163530_675.jpg,blocked
full_20260929_163532_576.jpg,passable
full_20260929_163534_293.jpg,passable
full_20260929_163535_642.jpg,blocked
full_20260929_163537_803.jpg,passable
full_20260929_163540_138.jpg,passable
full_20260929_163542_549.jpg,passable
full_20260929_163544_654.jpg,passable
full_20260929_163546_806.jpg,no_ground
full_20260929_163548_459.jpg,passable
full_20260929_163549_872.jpg,blocked
full_20260929_163552_207.jpg,passable
full_20260929_163554_297.jpg,passable
full_20260929_163556_837.jpg,passable
full_20260929_163558_178.jpg,passable
full_20260929_163709_005.jpg,passable
full_20260929_163710_899.jpg,blocked
full_20260929_163712_675.jpg,passable
full_20260929_163714_025.jpg,blocked
full_20260929_163716_291.jpg,blocked
full_20260929_163723_470.jpg,blocked
full_20260929_163725_498.jpg,passable
full_20260929_163727_468.jpg,passable
full_20260929_163729_253.jpg,passable
full_20260929_163730_849.jpg,passable
full_20260929_163733_247.jpg,passable
full_20260929_163734_651.jpg,passable
full_20260929_163736_377.jpg,blocked
full_20260929_163738_786.jpg,passable
full_20260929_163740_370.jpg,passable
full_20260929_163741_731.jpg,blocked
full_20260929_163743_327.jpg,passable
full_20260929_163745_291.jpg,passable
full_20260929_163747_270.jpg,blocked
full_20260929_163748_998.jpg,passable
full_20260929_163750_781.jpg,passable
full_20260929_163752_620.jpg,passable
full_20260929_163754_217.jpg,passable
full_20260929_163756_553.jpg,passable
full_20260929_163758_895.jpg,blocked
full_20260929_163800_296.jpg,passable
full_20260929_163802_196.jpg,passable
full_20260929_163803_725.jpg,passable
full_20260929_163805_195.jpg,passable
full_20260929_163806_534.jpg,blocked
full_20260929_163808_741.jpg,blocked
full_20260929_163811_260.jpg,blocked
full_20260929_163812_782.jpg,blocked
full_20260929_163814_373.jpg,blocked
full_20260929_163815_842.jpg,passable
full_20260929_163817_747.jpg,passable
full_20260929_163819_460.jpg,passable
full_20260929_163820_865.jpg,blocked
full_20260929_163822_650.jpg,passable
full_20260929_163828_356.jpg,blocked
full_20260929_163829_943.jpg,passable
full_20260929_163831_467.jpg,passable
full_20260929_163832_870.jpg,passable
full_20260929_163834_768.jpg,passable
full_20260929_163836_723.jpg,passable
full_20260929_163839_058.jpg,passable
full_20260929_163840_705.jpg,passable
full_20260929_163842_796.jpg,passable
full_20260929_163845_192.jpg,passable
full_20260929_163847_537.jpg,blocked
full_20260929_163849_188.jpg,passable
full_20260929_163851_524.jpg,passable
full_20260929_163853_539.jpg,passable
full_20260929_163854_938.jpg,passable
full_20260929_163856_968.jpg,passable
full_20260929_163858_679.jpg,passable
full_20260929_180301_999.jpg,passable
full_20260929_180303_767.jpg,passable
full_20260929_180305_792.jpg,passable
full_20260929_180308_316.jpg,passable
full_20260929_180310_726.jpg,passable
full_20260929_180313_259.jpg,passable
full_20260929_180314_850.jpg,passable
full_20260929_180316_881.jpg,passable
full_20260929_180318_598.jpg,passable
full_20260929_180320_120.jpg,blocked
full_20260929_180321_890.jpg,blocked
full_20260929_180324_229.jpg,passable
full_20260929_180326_071.jpg,passable
full_20260929_180328_348.jpg,passable
full_20260929_180330_514.jpg,passable
full_20260929_180332_610.jpg,passable
full_20260929_180335_127.jpg,blocked
full_20260929_180336_780.jpg,blocked
full_20260929_180338_556.jpg,blocked
full_20260929_180340_889.jpg,passable
full_20260929_180342_483.jpg,passable
full_20260929_180344_949.jpg,no_ground
full_20260929_180347_225.jpg,blocked
full_20260929_180349_013.jpg,passable
full_20260929_180350_556.jpg,blocked
full_20260929_180352_215.jpg,passable
full_20260929_180353_570.jpg,blocked
full_20260929_180355_105.jpg,passable
full_20260929_180356_946.jpg,blocked
full_20260929_180359_480.jpg,blocked
full_20260929_180400_945.jpg,no_ground
full_20260929_180402_902.jpg,passable
full_20260929_180404_817.jpg,passable
full_20260929_180406_353.jpg,blocked
full_20260929_180408_442.jpg,blocked
full_20260929_180410_604.jpg,passable
full_20260929_180412_999.jpg,blocked
full_20260929_180415_335.jpg,blocked
full_20260929_180417_434.jpg,passable
full_20260929_180418_914.jpg,passable
full_20260929_180420_893.jpg,blocked
full_20260929_180423_240.jpg,passable
full_20260929_180424_961.jpg,passable
full_20260929_180426_299.jpg,passable
full_20260929_180428_158.jpg,blocked
full_20260929_180430_441.jpg,passable
full_20260929_180432_726.jpg,passable
full_20260929_180434_826.jpg,passable
full_20260929_180436_863.jpg,blocked
full_20260929_180438_713.jpg,blocked
full_20260929_180440_192.jpg,blocked
full_20260929_180442_729.jpg,passable
full_20260929_180446_035.jpg,passable
full_20260929_180447_565.jpg,passable
full_20260929_180449_958.jpg,passable
full_20260929_180452_478.jpg,passable
full_20260929_180457_204.jpg,passable
full_20260929_180459_417.jpg,passable
full_20260929_180501_188.jpg,blocked
full_20260929_180502_964.jpg,passable
full_20260929_180504_877.jpg,passable
full_20260929_180506_228.jpg,passable
full_20260929_180508_249.jpg,blocked
full_20260929_180510_144.jpg,blocked
full_20260929_180511_733.jpg,passable
full_20260929_180514_191.jpg,passable
full_20260929_180516_023.jpg,passable
full_20260929_180518_485.jpg,blocked
full_20260929_180520_506.jpg,passable
full_20260929_180521_983.jpg,blocked
full_20260929_180524_316.jpg,blocked
full_20260929_180525_656.jpg,blocked
full_20260929_180527_553.jpg,passable
full_20260929_180529_384.jpg,blocked
full_20260929_180531_905.jpg,blocked
full_20260929_180533_553.jpg,blocked
full_20260929_180534_957.jpg,blocked
full_20260929_180536_609.jpg,passable
full_20260929_180538_082.jpg,blocked
full_20260929_180539_868.jpg,passable
full_20260929_180541_685.jpg,passable
full_20260929_180543_708.jpg,passable
full_20260929_180545_605.jpg,passable
full_20260929_180547_130.jpg,blocked
full_20260929_180549_149.jpg,no_ground
full_20260929_180551_549.jpg,passable
full_20260929_180554_008.jpg,blocked
full_20260929_180556_032.jpg,passable
full_20260929_180558_134.jpg,passable
full_20260929_181501_965.jpg,no_ground
full_20260929_181503_988.jpg,passable
full_20260929_181505_571.jpg,passable
full_20260929_181507_536.jpg,passable
full_20260929_181509_316.jpg,passable
full_20260929_181510_847.jpg,passable
full_20260929_181512_560.jpg,passable
full_20260929_181514_642.jpg,passable
full_20260929_181516_602.jpg,blocked
full_20260929_181518_753.jpg,blocked
full_20260929_181520_404.jpg,passable
full_20260929_181523_948.jpg,passable
full_20260929_181525_902.jpg,passable
full_20260929_181527_740.jpg,blocked
full_20260929_181531_981.jpg,passable
full_20260929_181538_746.jpg,passable
full_20260929_181543_363.jpg,passable
full_20260929_181545_821.jpg,passable
full_20260929_181548_278.jpg,passable
full_20260929_181550_491.jpg,passable
full_20260929_181551_964.jpg,blocked
full_20260929_181553_857.jpg,passable
full_20260929_181556_377.jpg,blocked
full_20260929_181558_714.jpg,blocked
full_20260929_182201_090.jpg,passable
full_20260929_182204_571.jpg,passable
full_20260929_182206_786.jpg,blocked
full_20260929_182208_493.jpg,passable
full_20260929_182209_830.jpg,blocked
full_20260929_182211_604.jpg,blocked
full_20260929_182213_812.jpg,blocked
full_20260929_182216_205.jpg,blocked
full_20260929_182217_603.jpg,blocked
full_20260929_182219_446.jpg,blocked
full_20260929_182221_209.jpg,passable
full_20260929_182223_488.jpg,blocked
full_20260929_182225_447.jpg,passable
full_20260929_182227_657.jpg,passable
full_20260929_182229_611.jpg,blocked
full_20260929_182231_446.jpg,blocked
full_20260929_182233_973.jpg,blocked
full_20260929_182235_694.jpg,blocked
full_20260929_182237_604.jpg,blocked
full_20260929_182239_445.jpg,passable
full_20260929_182241_035.jpg,passable
full_20260929_182242_612.jpg,passable
full_20260929_182244_329.jpg,passable
full_20260929_182246_602.jpg,no_ground
full_20260929_182248_065.jpg,passable
full_20260929_182250_587.jpg,passable
full_20260929_182252_485.jpg,passable
full_20260929_182254_939.jpg,passable
full_20260929_182257_149.jpg,blocked
full_20260929_182258_921.jpg,blocked
