relpath,label,map,season,source,created
images\passable\roi_20260929_034903_075.jpg,passable,零号大坝,s5,record,2026-09-28 23:27:39
images\passable\roi_20260929_034905_178.jpg,passable,零号大坝,s5,record,2026-09-28 23:27:41
images\passable\roi_20260929_034912_832.jpg,passable,零号大坝,s5,record,2026-09-28 23:27:43
images\passable\roi_20260929_034913_636.jpg,passable,零号大坝,s5,record,2026-09-28 23:27:45
images\passable\roi_20260929_034914_179.jpg,passable,零号大坝,s5,record,2026-09-28 23:27:47
images\passable\roi_20260929_034914_686.jpg,passable,零号大坝,s5,record,2026-09-28 23:27:49
images\passable\roi_20260929_034915_574.jpg,passable,零号大坝,s5,record,2026-09-28 23:27:50
images\passable\roi_20260929_034918_191.jpg,passable,零号大坝,s5,record,2026-09-28 23:27:53
images\passable\roi_20260929_034920_668.jpg,passable,零号大坝,s5,record,2026-09-28 23:27:54
images\passable\roi_20260929_034921_381.jpg,passable,零号大坝,s5,record,2026-09-28 23:27:56
images\passable\roi_20260929_034921_904.jpg,passable,零号大坝,s5,record,2026-09-28 23:27:58
images\passable\roi_20260929_034924_407.jpg,passable,零号大坝,s5,record,2026-09-28 23:28:00
images\passable\roi_20260929_034925_472.jpg,passable,零号大坝,s5,record,2026-09-28 23:28:02
images\passable\roi_20260929_034926_294.jpg,passable,零号大坝,s5,record,2026-09-28 23:28:03
images\passable\roi_20260929_034926_658.jpg,passable,零号大坝,s5,record,2026-09-28 23:28:06
images\passable\roi_20260929_034927_195.jpg,passable,零号大坝,s5,record,2026-09-28 23:28:07
images\passable\roi_20260929_034946_439.jpg,passable,零号大坝,s5,record,2026-09-28 23:28:12
images\no_ground\roi_20260929_035456_701.jpg,no_ground,零号大坝,s5,record,2026-09-28 23:27:11
images\no_ground\roi_20260929_035458_397.jpg,no_ground,零号大坝,s5,record,2026-09-28 23:27:13
images\no_ground\roi_20260929_035459_157.jpg,no_ground,零号大坝,s5,record,2026-09-28 23:27:15
images\no_ground\roi_20260929_035459_970.jpg,no_ground,零号大坝,s5,record,2026-09-28 23:27:24
images\passable\roi_20260929_035505_429.jpg,passable,零号大坝,s5,record,2026-09-28 23:27:26
images\no_ground\roi_20260929_035513_654.jpg,no_ground,零号大坝,s5,record,2026-09-28 23:27:28
images\no_ground\roi_20260929_035515_996.jpg,no_ground,零号大坝,s5,record,2026-09-28 23:27:30
images\passable\roi_20260929_035518_049.jpg,passable,零号大坝,s5,record,2026-09-28 23:27:33
images\passable\roi_20260929_035519_272.jpg,passable,零号大坝,s5,record,2026-09-28 23:27:34
images\passable\roi_20260929_035542_477.jpg,passable,零号大坝,s5,record,2026-09-28 23:28:10
images\passable\roi_20260929_035546_436.jpg,passable,零号大坝,s5,record,2026-09-28 23:28:15
images\passable\roi_20260929_035547_805.jpg,passable,零号大坝,s5,record,2026-09-28 23:28:17
images\passable\roi_20260929_035549_434.jpg,passable,零号大坝,s5,record,2026-09-28 23:28:18
images\blocked\roi_20260929_035551_277.jpg,blocked,零号大坝,s5,record,2026-09-28 23:28:20
images\passable\roi_20260929_035554_142.jpg,passable,零号大坝,s5,record,2026-09-28 23:28:22
images\passable\roi_20260929_035555_957.jpg,passable,零号大坝,s5,record,2026-09-28 23:28:24
images\blocked\roi_20260929_035612_067.jpg,blocked,零号大坝,s5,record,2026-09-28 23:28:37
images\passable\roi_20260929_035625_195.jpg,passable,零号大坝,s5,record,2026-09-28 23:29:00
images\passable\roi_20260929_035647_623.jpg,passable,零号大坝,s5,record,2026-09-28 23:29:59
images\passable\roi_20260929_035650_186.jpg,passable,零号大坝,s5,record,2026-09-28 23:30:01
images\passable\roi_20260929_035650_954.jpg,passable,零号大坝,s5,record,2026-09-28 23:30:02
images\passable\roi_20260929_035652_646.jpg,passable,零号大坝,s5,record,2026-09-28 23:30:07
images\passable\roi_20260929_035702_949.jpg,passable,零号大坝,s5,record,2026-09-28 23:30:29
images\passable\roi_20260929_035703_595.jpg,passable,零号大坝,s5,record,2026-09-28 23:30:30
images\passable\roi_20260929_035708_591.jpg,passable,零号大坝,s5,record,2026-09-28 23:30:36
images\passable\roi_20260929_035718_126.jpg,passable,零号大坝,s5,record,2026-09-28 23:30:52
images\passable\roi_20260929_035721_683.jpg,passable,零号大坝,s5,record,2026-09-28 23:30:56
images\passable\roi_20260929_035722_380.jpg,passable,零号大坝,s5,record,2026-09-28 23:30:58
images\passable\roi_20260929_035724_851.jpg,passable,零号大坝,s5,record,2026-09-28 23:31:00
images\passable\roi_20260929_035726_988.jpg,passable,零号大坝,s5,record,2026-09-28 23:31:08
images\passable\roi_20260929_035728_646.jpg,passable,零号大坝,s5,record,2026-09-28 23:31:12
images\passable\roi_20260929_035733_495.jpg,passable,零号大坝,s5,record,2026-09-28 23:31:24
images\passable\roi_20260929_035734_050.jpg,passable,零号大坝,s5,record,2026-09-28 23:31:26
images\blocked\roi_20260929_035738_814.jpg,blocked,零号大坝,s5,record,2026-09-28 23:31:27
images\passable\roi_20260929_035739_582.jpg,passable,零号大坝,s5,record,2026-09-28 23:31:29
images\blocked\roi_20260929_035744_987.jpg,blocked,零号大坝,s5,record,2026-09-28 23:31:31
images\blocked\roi_20260929_035746_868.jpg,blocked,零号大坝,s5,record,2026-09-28 23:31:33
images\blocked\roi_20260929_035747_558.jpg,blocked,零号大坝,s5,record,2026-09-28 23:31:35
images\passable\roi_20260929_035748_627.jpg,passable,零号大坝,s5,record,2026-09-28 23:31:37
images\passable\roi_20260929_035749_122.jpg,passable,零号大坝,s5,record,2026-09-28 23:31:40
images\no_ground\roi_20260929_035756_100.jpg,no_ground,零号大坝,s5,record,2026-09-28 23:31:42
images\passable\roi_20260929_035758_742.jpg,passable,零号大坝,s5,record,2026-09-28 23:31:43
images\passable\roi_20260929_035759_770.jpg,passable,零号大坝,s5,record,2026-09-28 23:31:46
images\blocked\roi_20260929_035805_134.jpg,blocked,零号大坝,s5,record,2026-09-28 23:31:56
images\passable\roi_20260929_035806_670.jpg,passable,零号大坝,s5,record,2026-09-28 23:31:58
images\blocked\roi_20260929_035808_856.jpg,blocked,零号大坝,s5,record,2026-09-28 23:32:00
images\passable\roi_20260929_035809_761.jpg,passable,零号大坝,s5,record,2026-09-28 23:32:02
images\passable\roi_20260929_035811_518.jpg,passable,零号大坝,s5,record,2026-09-28 23:32:04
images\passable\roi_20260929_035812_649.jpg,passable,零号大坝,s5,record,2026-09-28 23:32:06
images\passable\roi_20260929_035813_291.jpg,passable,零号大坝,s5,record,2026-09-28 23:32:08
images\passable\roi_20260929_035813_812.jpg,passable,零号大坝,s5,record,2026-09-28 23:32:10
images\passable\roi_20260929_035814_378.jpg,passable,零号大坝,s5,record,2026-09-28 23:32:11
images\passable\roi_20260929_035814_791.jpg,passable,零号大坝,s5,record,2026-09-28 23:32:13
images\passable\roi_20260929_035817_151.jpg,passable,零号大坝,s5,record,2026-09-28 23:32:17
images\passable\roi_20260929_035817_676.jpg,passable,零号大坝,s5,record,2026-09-28 23:32:19
images\passable\roi_20260929_035818_108.jpg,passable,零号大坝,s5,record,2026-09-28 23:32:21
images\passable\roi_20260929_035818_763.jpg,passable,零号大坝,s5,record,2026-09-28 23:32:23
images\passable\roi_20260929_035819_505.jpg,passable,零号大坝,s5,record,2026-09-28 23:32:25
images\passable\roi_20260929_035822_767.jpg,passable,零号大坝,s5,record,2026-09-28 23:32:30
images\passable\roi_20260929_035823_593.jpg,passable,零号大坝,s5,record,2026-09-28 23:32:32
images\passable\roi_20260929_035839_343.jpg,passable,零号大坝,s5,record,2026-09-28 23:32:44
images\passable\roi_20260929_035840_124.jpg,passable,零号大坝,s5,record,2026-09-28 23:32:46
images\no_ground\roi_20260929_035846_634.jpg,no_ground,零号大坝,s5,record,2026-09-28 23:32:48
images\passable\roi_20260929_035849_039.jpg,passable,零号大坝,s5,record,2026-09-28 23:32:50
images\passable\roi_20260929_035850_212.jpg,passable,零号大坝,s5,record,2026-09-28 23:32:52
images\passable\roi_20260929_035850_774.jpg,passable,零号大坝,s5,record,2026-09-28 23:32:53
images\passable\roi_20260929_035851_167.jpg,passable,零号大坝,s5,record,2026-09-28 23:32:55
images\passable\roi_20260929_035851_538.jpg,passable,零号大坝,s5,record,2026-09-28 23:32:58
images\passable\roi_20260929_035851_879.jpg,passable,零号大坝,s5,record,2026-09-28 23:32:59
images\passable\roi_20260929_035852_232.jpg,passable,零号大坝,s5,record,2026-09-28 23:33:01
images\passable\roi_20260929_035852_730.jpg,passable,零号大坝,s5,record,2026-09-28 23:33:02
images\blocked\roi_20260929_035921_469.jpg,blocked,零号大坝,s5,record,2026-09-28 23:33:04
images\blocked\roi_20260929_035926_614.jpg,blocked,零号大坝,s5,record,2026-09-28 23:33:05
images\passable\roi_20260929_035927_388.jpg,passable,零号大坝,s5,record,2026-09-28 23:33:07
images\no_ground\roi_20260929_035929_381.jpg,no_ground,零号大坝,s5,record,2026-09-28 23:33:10
images\passable\roi_20260929_035935_986.jpg,passable,零号大坝,s5,record,2026-09-28 23:33:11
images\passable\roi_20260929_035936_511.jpg,passable,零号大坝,s5,record,2026-09-28 23:33:13
images\passable\roi_20260929_035936_926.jpg,passable,零号大坝,s5,record,2026-09-28 23:33:14
images\passable\roi_20260929_035937_360.jpg,passable,零号大坝,s5,record,2026-09-28 23:33:16
images\passable\roi_20260929_035938_024.jpg,passable,零号大坝,s5,record,2026-09-28 23:33:17
images\passable\roi_20260929_035938_703.jpg,passable,零号大坝,s5,record,2026-09-28 23:33:19
images\passable\roi_20260929_035939_580.jpg,passable,零号大坝,s5,record,2026-09-28 23:33:20
images\passable\roi_20260929_035940_235.jpg,passable,零号大坝,s5,record,2026-09-28 23:33:22
images\passable\roi_20260929_035940_734.jpg,passable,零号大坝,s5,record,2026-09-28 23:33:23
images\passable\roi_20260929_035943_139.jpg,passable,零号大坝,s5,record,2026-09-28 23:33:28
images\no_ground\roi_20260929_035950_755.jpg,no_ground,零号大坝,s5,record,2026-09-28 23:33:33
images\no_ground\roi_20260929_035951_400.jpg,no_ground,零号大坝,s5,record,2026-09-28 23:33:34
images\passable\roi_20260929_040004_499.jpg,passable,零号大坝,s5,record,2026-09-28 23:33:38
images\passable\roi_20260929_040008_040.jpg,passable,零号大坝,s5,record,2026-09-28 23:33:49
images\passable\roi_20260929_040008_539.jpg,passable,零号大坝,s5,record,2026-09-28 23:33:51
images\passable\roi_20260929_040009_035.jpg,passable,零号大坝,s5,record,2026-09-28 23:33:53
images\passable\roi_20260929_040009_505.jpg,passable,零号大坝,s5,record,2026-09-28 23:33:55
images\passable\roi_20260929_040010_146.jpg,passable,零号大坝,s5,record,2026-09-28 23:33:58
images\blocked\roi_20260929_040011_367.jpg,blocked,零号大坝,s5,record,2026-09-28 23:34:00
images\blocked\roi_20260929_040013_297.jpg,blocked,零号大坝,s5,record,2026-09-28 23:34:02
images\passable\roi_20260929_040014_069.jpg,passable,零号大坝,s5,record,2026-09-28 23:34:04
images\blocked\roi_20260929_040016_798.jpg,blocked,零号大坝,s5,record,2026-09-28 23:34:06
images\passable\roi_20260929_040019_458.jpg,passable,零号大坝,s5,record,2026-09-28 23:34:08
images\passable\roi_20260929_040027_553.jpg,passable,零号大坝,s5,record,2026-09-28 23:34:20
images\passable\roi_20260929_040028_141.jpg,passable,零号大坝,s5,record,2026-09-28 23:34:22
images\passable\roi_20260929_040029_521.jpg,passable,零号大坝,s5,record,2026-09-28 23:34:25
images\passable\roi_20260929_040030_387.jpg,passable,零号大坝,s5,record,2026-09-28 23:34:26
images\no_ground\roi_20260929_040033_683.jpg,no_ground,零号大坝,s5,record,2026-09-28 23:34:28
images\blocked\roi_20260929_040036_662.jpg,blocked,零号大坝,s5,record,2026-09-28 23:34:29
images\passable\roi_20260929_040039_500.jpg,passable,零号大坝,s5,record,2026-09-28 23:34:31
images\no_ground\roi_20260929_040040_609.jpg,no_ground,零号大坝,s5,record,2026-09-28 23:34:33
images\passable\roi_20260929_040042_583.jpg,passable,零号大坝,s5,record,2026-09-28 23:34:37
images\passable\roi_20260929_040043_002.jpg,passable,零号大坝,s5,record,2026-09-28 23:34:39
images\passable\roi_20260929_040044_436.jpg,passable,零号大坝,s5,record,2026-09-28 23:34:42
images\passable\roi_20260929_040044_997.jpg,passable,零号大坝,s5,record,2026-09-28 23:34:43
images\passable\roi_20260929_040045_791.jpg,passable,零号大坝,s5,record,2026-09-28 23:34:46
images\passable\roi_20260929_040046_542.jpg,passable,零号大坝,s5,record,2026-09-28 23:34:47
images\passable\roi_20260929_040047_107.jpg,passable,零号大坝,s5,record,2026-09-28 23:34:49
images\passable\roi_20260929_040047_501.jpg,passable,零号大坝,s5,record,2026-09-28 23:34:52
images\passable\roi_20260929_040047_972.jpg,passable,零号大坝,s5,record,2026-09-28 23:34:53
images\blocked\roi_20260929_040049_646.jpg,blocked,零号大坝,s5,record,2026-09-28 23:34:55
images\passable\roi_20260929_040051_247.jpg,passable,零号大坝,s5,record,2026-09-28 23:34:57
images\blocked\roi_20260929_040059_275.jpg,blocked,零号大坝,s5,record,2026-09-28 23:35:02
images\passable\roi_20260929_040118_257.jpg,passable,零号大坝,s5,record,2026-09-28 23:36:26
images\passable\roi_20260929_040118_925.jpg,passable,零号大坝,s5,record,2026-09-28 23:36:29
images\passable\roi_20260929_040119_448.jpg,passable,零号大坝,s5,record,2026-09-28 23:36:30
images\passable\roi_20260929_040121_223.jpg,passable,零号大坝,s5,record,2026-09-28 23:36:33
images\passable\roi_20260929_040123_587.jpg,passable,零号大坝,s5,record,2026-09-28 23:36:35
images\passable\roi_20260929_040127_536.jpg,passable,零号大坝,s5,record,2026-09-28 23:36:37
images\passable\roi_20260929_040128_492.jpg,passable,零号大坝,s5,record,2026-09-28 23:36:38
images\passable\roi_20260929_040129_572.jpg,passable,零号大坝,s5,record,2026-09-28 23:36:40
images\passable\roi_20260929_040130_023.jpg,passable,零号大坝,s5,record,2026-09-28 23:36:41
images\passable\roi_20260929_040130_735.jpg,passable,零号大坝,s5,record,2026-09-28 23:36:44
images\blocked\roi_20260929_040132_089.jpg,blocked,零号大坝,s5,record,2026-09-28 23:36:46
images\blocked\roi_20260929_040135_151.jpg,blocked,零号大坝,s5,record,2026-09-28 23:36:47
images\blocked\roi_20260929_040135_891.jpg,blocked,零号大坝,s5,record,2026-09-28 23:36:49
images\passable\roi_20260929_040140_515.jpg,passable,零号大坝,s5,record,2026-09-28 23:36:54
images\passable\roi_20260929_040141_154.jpg,passable,零号大坝,s5,record,2026-09-28 23:36:56
images\passable\roi_20260929_040143_194.jpg,passable,零号大坝,s5,record,2026-09-28 23:37:01
images\blocked\roi_20260929_040153_884.jpg,blocked,零号大坝,s5,record,2026-09-28 23:37:03
images\blocked\roi_20260929_040155_165.jpg,blocked,零号大坝,s5,record,2026-09-28 23:37:06
images\passable\roi_20260929_040158_406.jpg,passable,零号大坝,s5,record,2026-09-28 23:37:09
images\passable\roi_20260929_040205_124.jpg,passable,零号大坝,s5,record,2026-09-28 23:37:12
images\blocked\roi_20260929_040216_017.jpg,blocked,零号大坝,s5,record,2026-09-28 23:37:45
images\blocked\roi_20260929_040217_258.jpg,blocked,零号大坝,s5,record,2026-09-28 23:37:47
images\blocked\roi_20260929_040217_911.jpg,blocked,零号大坝,s5,record,2026-09-28 23:37:49
images\blocked\roi_20260929_040218_465.jpg,blocked,零号大坝,s5,record,2026-09-28 23:37:50
images\blocked\roi_20260929_040219_038.jpg,blocked,零号大坝,s5,record,2026-09-28 23:37:53
images\blocked\roi_20260929_040231_031.jpg,blocked,零号大坝,s5,record,2026-09-28 23:38:18
images\blocked\roi_20260929_040232_934.jpg,blocked,零号大坝,s5,record,2026-09-28 23:38:19
images\passable\roi_20260929_040241_487.jpg,passable,零号大坝,s5,record,2026-09-28 23:38:24
images\passable\roi_20260929_040248_811.jpg,passable,零号大坝,s5,record,2026-09-28 23:38:35
images\passable\roi_20260929_040251_303.jpg,passable,零号大坝,s5,record,2026-09-28 23:38:36
images\passable\roi_20260929_040252_103.jpg,passable,零号大坝,s5,record,2026-09-28 23:38:38
images\passable\roi_20260929_040253_239.jpg,passable,零号大坝,s5,record,2026-09-28 23:38:40
images\passable\roi_20260929_040254_064.jpg,passable,零号大坝,s5,record,2026-09-28 23:38:43
images\passable\roi_20260929_040254_697.jpg,passable,零号大坝,s5,record,2026-09-28 23:38:44
images\passable\roi_20260929_040255_467.jpg,passable,零号大坝,s5,record,2026-09-28 23:38:46
images\passable\roi_20260929_040256_087.jpg,passable,零号大坝,s5,record,2026-09-28 23:38:48
images\passable\roi_20260929_040302_192.jpg,passable,零号大坝,s5,record,2026-09-28 23:38:53
images\passable\roi_20260929_040302_811.jpg,passable,零号大坝,s5,record,2026-09-28 23:38:55
images\passable\roi_20260929_040306_946.jpg,passable,零号大坝,s5,record,2026-09-28 23:38:59
images\passable\roi_20260929_040308_527.jpg,passable,零号大坝,s5,record,2026-09-28 23:39:02
images\blocked\roi_20260929_040310_035.jpg,blocked,零号大坝,s5,record,2026-09-28 23:39:04
images\blocked\roi_20260929_040311_885.jpg,blocked,零号大坝,s5,record,2026-09-28 23:39:06
images\passable\roi_20260929_040312_744.jpg,passable,零号大坝,s5,record,2026-09-28 23:39:07
images\blocked\roi_20260929_040313_728.jpg,blocked,零号大坝,s5,record,2026-09-28 23:39:09
images\passable\roi_20260929_040314_494.jpg,passable,零号大坝,s5,record,2026-09-28 23:39:12
images\passable\roi_20260929_040315_100.jpg,passable,零号大坝,s5,record,2026-09-28 23:39:14
images\passable\roi_20260929_040315_670.jpg,passable,零号大坝,s5,record,2026-09-28 23:39:16
images\passable\roi_20260929_040316_249.jpg,passable,零号大坝,s5,record,2026-09-28 23:39:18
images\passable\roi_20260929_040316_831.jpg,passable,零号大坝,s5,record,2026-09-28 23:39:20
images\passable\roi_20260929_040317_356.jpg,passable,零号大坝,s5,record,2026-09-28 23:39:22
images\passable\roi_20260929_040317_916.jpg,passable,零号大坝,s5,record,2026-09-28 23:39:24
images\passable\roi_20260929_040318_746.jpg,passable,零号大坝,s5,record,2026-09-28 23:39:25
images\passable\roi_20260929_040319_355.jpg,passable,零号大坝,s5,record,2026-09-28 23:39:27
images\passable\roi_20260929_040319_851.jpg,passable,零号大坝,s5,record,2026-09-28 23:39:29
images\passable\roi_20260929_040320_380.jpg,passable,零号大坝,s5,record,2026-09-28 23:39:31
images\passable\roi_20260929_040321_408.jpg,passable,零号大坝,s5,record,2026-09-28 23:39:33
images\passable\roi_20260929_040322_046.jpg,passable,零号大坝,s5,record,2026-09-28 23:39:35
images\passable\roi_20260929_040322_573.jpg,passable,零号大坝,s5,record,2026-09-28 23:39:37
images\passable\roi_20260929_040323_100.jpg,passable,零号大坝,s5,record,2026-09-28 23:39:40
images\passable\roi_20260929_040323_536.jpg,passable,零号大坝,s5,record,2026-09-28 23:39:41
images\passable\roi_20260929_040324_157.jpg,passable,零号大坝,s5,record,2026-09-28 23:39:43
images\passable\roi_20260929_040327_879.jpg,passable,零号大坝,s5,record,2026-09-28 23:39:50
images\passable\roi_20260929_040329_797.jpg,passable,零号大坝,s5,record,2026-09-28 23:39:52
images\passable\roi_20260929_040330_790.jpg,passable,零号大坝,s5,record,2026-09-28 23:39:53
images\passable\roi_20260929_040331_505.jpg,passable,零号大坝,s5,record,2026-09-28 23:39:56
images\passable\roi_20260929_040332_292.jpg,passable,零号大坝,s5,record,2026-09-28 23:39:57
images\passable\roi_20260929_040334_346.jpg,passable,零号大坝,s5,record,2026-09-28 23:39:59
images\passable\roi_20260929_040334_812.jpg,passable,零号大坝,s5,record,2026-09-28 23:40:02
images\passable\roi_20260929_040342_043.jpg,passable,零号大坝,s5,record,2026-09-28 23:40:18
images\passable\roi_20260929_040342_884.jpg,passable,零号大坝,s5,record,2026-09-28 23:40:19
images\passable\roi_20260929_040343_319.jpg,passable,零号大坝,s5,record,2026-09-28 23:40:22
images\passable\roi_20260929_040346_675.jpg,passable,零号大坝,s5,record,2026-09-28 23:40:26
images\blocked\roi_20260929_040349_373.jpg,blocked,零号大坝,s5,record,2026-09-28 23:40:29
images\blocked\roi_20260929_040350_100.jpg,blocked,零号大坝,s5,record,2026-09-28 23:40:32
images\passable\roi_20260929_040353_080.jpg,passable,零号大坝,s5,record,2026-09-28 23:40:35
images\passable\roi_20260929_040354_840.jpg,passable,零号大坝,s5,record,2026-09-28 23:40:42
images\passable\roi_20260929_040355_319.jpg,passable,零号大坝,s5,record,2026-09-28 23:40:44
images\passable\roi_20260929_040359_956.jpg,passable,零号大坝,s5,record,2026-09-28 23:40:50
images\passable\roi_20260929_040400_652.jpg,passable,零号大坝,s5,record,2026-09-28 23:40:52
images\passable\roi_20260929_040401_433.jpg,passable,零号大坝,s5,record,2026-09-28 23:40:53
images\passable\roi_20260929_040402_169.jpg,passable,零号大坝,s5,record,2026-09-28 23:40:55
images\no_ground\roi_20260929_040406_323.jpg,no_ground,零号大坝,s5,record,2026-09-28 23:40:57
images\passable\roi_20260929_040409_998.jpg,passable,零号大坝,s5,record,2026-09-28 23:40:59
images\passable\roi_20260929_040410_767.jpg,passable,零号大坝,s5,record,2026-09-28 23:41:01
images\passable\roi_20260929_040412_596.jpg,passable,零号大坝,s5,record,2026-09-28 23:41:03
images\blocked\roi_20260929_040413_858.jpg,blocked,零号大坝,s5,record,2026-09-28 23:41:05
images\passable\roi_20260929_040414_566.jpg,passable,零号大坝,s5,record,2026-09-28 23:41:06
images\passable\roi_20260929_040415_006.jpg,passable,零号大坝,s5,record,2026-09-28 23:41:09
images\passable\roi_20260929_040415_656.jpg,passable,零号大坝,s5,record,2026-09-28 23:41:11
images\passable\roi_20260929_040416_164.jpg,passable,零号大坝,s5,record,2026-09-28 23:41:12
images\passable\roi_20260929_040416_585.jpg,passable,零号大坝,s5,record,2026-09-28 23:41:14
images\passable\roi_20260929_040417_302.jpg,passable,零号大坝,s5,record,2026-09-28 23:41:15
images\blocked\roi_20260929_040421_317.jpg,blocked,零号大坝,s5,record,2026-09-28 23:41:18
images\passable\roi_20260929_040422_070.jpg,passable,零号大坝,s5,record,2026-09-28 23:41:19
images\passable\roi_20260929_040422_638.jpg,passable,零号大坝,s5,record,2026-09-28 23:41:21
images\passable\roi_20260929_040422_988.jpg,passable,零号大坝,s5,record,2026-09-28 23:41:23
images\passable\roi_20260929_040423_519.jpg,passable,零号大坝,s5,record,2026-09-28 23:41:25
images\passable\roi_20260929_040432_697.jpg,passable,零号大坝,s5,record,2026-09-28 23:41:40
images\passable\roi_20260929_040435_065.jpg,passable,零号大坝,s5,record,2026-09-28 23:41:44
images\passable\roi_20260929_040435_741.jpg,passable,零号大坝,s5,record,2026-09-28 23:41:46
images\passable\roi_20260929_040438_388.jpg,passable,零号大坝,s5,record,2026-09-28 23:41:52
images\no_ground\roi_20260929_040451_623.jpg,no_ground,零号大坝,s5,record,2026-09-28 23:42:13
images\no_ground\roi_20260929_040507_259.jpg,no_ground,零号大坝,s5,record,2026-09-28 23:42:33
images\passable\roi_20260929_040520_778.jpg,passable,零号大坝,s5,record,2026-09-28 23:42:42
images\blocked\roi_20260929_040526_946.jpg,blocked,零号大坝,s5,record,2026-09-28 23:42:53
images\passable\roi_20260929_040528_269.jpg,passable,零号大坝,s5,record,2026-09-28 23:42:55
images\passable\roi_20260929_040529_011.jpg,passable,零号大坝,s5,record,2026-09-28 23:42:56
images\passable\roi_20260929_040529_482.jpg,passable,零号大坝,s5,record,2026-09-28 23:42:58
images\passable\roi_20260929_040530_007.jpg,passable,零号大坝,s5,record,2026-09-28 23:43:01
images\passable\roi_20260929_040530_695.jpg,passable,零号大坝,s5,record,2026-09-28 23:43:03
images\passable\roi_20260929_040531_422.jpg,passable,零号大坝,s5,record,2026-09-28 23:43:05
images\passable\roi_20260929_040531_975.jpg,passable,零号大坝,s5,record,2026-09-28 23:43:08
images\passable\roi_20260929_040533_476.jpg,passable,零号大坝,s5,record,2026-09-28 23:43:10
images\passable\roi_20260929_040533_993.jpg,passable,零号大坝,s5,record,2026-09-28 23:43:11
images\passable\roi_20260929_040534_550.jpg,passable,零号大坝,s5,record,2026-09-28 23:43:14
images\passable\roi_20260929_040536_235.jpg,passable,零号大坝,s5,record,2026-09-28 23:43:18
images\passable\roi_20260929_040536_684.jpg,passable,零号大坝,s5,record,2026-09-28 23:43:21
images\passable\roi_20260929_040537_114.jpg,passable,零号大坝,s5,record,2026-09-28 23:43:22
images\passable\roi_20260929_040537_669.jpg,passable,零号大坝,s5,record,2026-09-28 23:43:24
images\passable\roi_20260929_040538_082.jpg,passable,零号大坝,s5,record,2026-09-28 23:43:26
images\passable\roi_20260929_040538_540.jpg,passable,零号大坝,s5,record,2026-09-28 23:43:28
images\passable\roi_20260929_040539_804.jpg,passable,零号大坝,s5,record,2026-09-28 23:43:29
images\passable\roi_20260929_040540_375.jpg,passable,零号大坝,s5,record,2026-09-28 23:43:31
images\passable\roi_20260929_040540_766.jpg,passable,零号大坝,s5,record,2026-09-28 23:43:33
images\passable\roi_20260929_040541_315.jpg,passable,零号大坝,s5,record,2026-09-28 23:43:35
images\passable\roi_20260929_040542_213.jpg,passable,零号大坝,s5,record,2026-09-28 23:43:37
images\passable\roi_20260929_040542_764.jpg,passable,零号大坝,s5,record,2026-09-28 23:43:39
images\passable\roi_20260929_040543_343.jpg,passable,零号大坝,s5,record,2026-09-28 23:43:40
images\passable\roi_20260929_040543_732.jpg,passable,零号大坝,s5,record,2026-09-28 23:43:43
images\passable\roi_20260929_040544_338.jpg,passable,零号大坝,s5,record,2026-09-28 23:43:45
images\passable\roi_20260929_040544_719.jpg,passable,零号大坝,s5,record,2026-09-28 23:43:47
images\passable\roi_20260929_040545_173.jpg,passable,零号大坝,s5,record,2026-09-28 23:43:49
images\passable\roi_20260929_040545_780.jpg,passable,零号大坝,s5,record,2026-09-28 23:43:50
images\blocked\roi_20260929_040547_315.jpg,blocked,零号大坝,s5,record,2026-09-28 23:43:52
images\blocked\roi_20260929_040547_957.jpg,blocked,零号大坝,s5,record,2026-09-28 23:43:54
images\blocked\roi_20260929_040555_544.jpg,blocked,零号大坝,s5,record,2026-09-28 23:44:04
images\passable\roi_20260929_040557_616.jpg,passable,零号大坝,s5,record,2026-09-28 23:44:08
images\passable\roi_20260929_040558_286.jpg,passable,零号大坝,s5,record,2026-09-28 23:44:10
images\passable\roi_20260929_040558_817.jpg,passable,零号大坝,s5,record,2026-09-28 23:44:12
images\passable\roi_20260929_040559_909.jpg,passable,零号大坝,s5,record,2026-09-28 23:44:14
images\blocked\roi_20260929_040601_784.jpg,blocked,零号大坝,s5,record,2026-09-28 23:44:16
images\passable\roi_20260929_040602_654.jpg,passable,零号大坝,s5,record,2026-09-28 23:44:17
images\passable\roi_20260929_040603_517.jpg,passable,零号大坝,s5,record,2026-09-28 23:44:19
images\passable\roi_20260929_040604_142.jpg,passable,零号大坝,s5,record,2026-09-28 23:44:21
images\passable\roi_20260929_040604_597.jpg,passable,零号大坝,s5,record,2026-09-28 23:44:23
images\passable\roi_20260929_040605_565.jpg,passable,零号大坝,s5,record,2026-09-28 23:44:25
images\passable\roi_20260929_040606_281.jpg,passable,零号大坝,s5,record,2026-09-28 23:44:27
images\passable\roi_20260929_040606_945.jpg,passable,零号大坝,s5,record,2026-09-28 23:44:29
images\passable\roi_20260929_040607_687.jpg,passable,零号大坝,s5,record,2026-09-28 23:44:31
images\passable\roi_20260929_040608_837.jpg,passable,零号大坝,s5,record,2026-09-28 23:44:33
images\passable\roi_20260929_040610_732.jpg,passable,零号大坝,s5,record,2026-09-28 23:44:35
images\blocked\roi_20260929_040611_819.jpg,blocked,零号大坝,s5,record,2026-09-28 23:44:37
images\blocked\roi_20260929_040616_996.jpg,blocked,零号大坝,s5,record,2026-09-28 23:44:38
images\blocked\roi_20260929_040617_990.jpg,blocked,零号大坝,s5,record,2026-09-28 23:44:40
images\passable\roi_20260929_040625_964.jpg,passable,零号大坝,s5,record,2026-09-28 23:45:02
images\passable\roi_20260929_040626_630.jpg,passable,零号大坝,s5,record,2026-09-28 23:45:04
images\passable\roi_20260929_040627_057.jpg,passable,零号大坝,s5,record,2026-09-28 23:45:05
images\passable\roi_20260929_040627_799.jpg,passable,零号大坝,s5,record,2026-09-28 23:45:08
images\passable\roi_20260929_040628_455.jpg,passable,零号大坝,s5,record,2026-09-28 23:45:09
images\passable\roi_20260929_040628_995.jpg,passable,零号大坝,s5,record,2026-09-28 23:45:11
images\passable\roi_20260929_040629_719.jpg,passable,零号大坝,s5,record,2026-09-28 23:45:12
images\passable\roi_20260929_040636_235.jpg,passable,零号大坝,s5,record,2026-09-28 23:45:14
images\passable\roi_20260929_040636_705.jpg,passable,零号大坝,s5,record,2026-09-28 23:45:16
images\no_ground\roi_20260929_040642_516.jpg,no_ground,零号大坝,s5,record,2026-09-28 23:45:18
images\passable\roi_20260929_040644_016.jpg,passable,零号大坝,s5,record,2026-09-28 23:45:21
images\passable\roi_20260929_040647_963.jpg,passable,零号大坝,s5,record,2026-09-28 23:45:24
images\blocked\roi_20260929_040649_009.jpg,blocked,零号大坝,s5,record,2026-09-28 23:45:26
images\passable\roi_20260929_040652_479.jpg,passable,零号大坝,s5,record,2026-09-28 23:45:28
images\passable\roi_20260929_040653_381.jpg,passable,零号大坝,s5,record,2026-09-28 23:45:31
images\passable\roi_20260929_040654_249.jpg,passable,零号大坝,s5,record,2026-09-28 23:45:33
images\passable\roi_20260929_040654_963.jpg,passable,零号大坝,s5,record,2026-09-28 23:45:34
images\passable\roi_20260929_040656_319.jpg,passable,零号大坝,s5,record,2026-09-28 23:45:36
images\blocked\roi_20260929_040657_308.jpg,blocked,零号大坝,s5,record,2026-09-28 23:45:38
images\blocked\roi_20260929_040657_940.jpg,blocked,零号大坝,s5,record,2026-09-28 23:45:40
images\blocked\roi_20260929_040658_944.jpg,blocked,零号大坝,s5,record,2026-09-28 23:45:42
images\passable\roi_20260929_040700_569.jpg,passable,零号大坝,s5,record,2026-09-28 23:45:44
images\passable\roi_20260929_040702_060.jpg,passable,零号大坝,s5,record,2026-09-28 23:45:46
images\passable\roi_20260929_040707_521.jpg,passable,零号大坝,s5,record,2026-09-28 23:45:58
images\passable\roi_20260929_040708_081.jpg,passable,零号大坝,s5,record,2026-09-28 23:45:59
images\passable\roi_20260929_040708_717.jpg,passable,零号大坝,s5,record,2026-09-28 23:46:02
images\passable\roi_20260929_040709_492.jpg,passable,零号大坝,s5,record,2026-09-28 23:46:03
images\passable\roi_20260929_040710_741.jpg,passable,零号大坝,s5,record,2026-09-28 23:46:05
images\passable\roi_20260929_040711_184.jpg,passable,零号大坝,s5,record,2026-09-28 23:46:07
images\passable\roi_20260929_040711_876.jpg,passable,零号大坝,s5,record,2026-09-28 23:46:09
images\passable\roi_20260929_040712_450.jpg,passable,零号大坝,s5,record,2026-09-28 23:46:10
images\passable\roi_20260929_040716_529.jpg,passable,零号大坝,s5,record,2026-09-28 23:46:15
images\blocked\roi_20260929_040719_420.jpg,blocked,零号大坝,s5,record,2026-09-28 23:46:17
images\passable\roi_20260929_040720_027.jpg,passable,零号大坝,s5,record,2026-09-28 23:46:19
images\passable\roi_20260929_040720_682.jpg,passable,零号大坝,s5,record,2026-09-28 23:46:21
images\passable\roi_20260929_040721_212.jpg,passable,零号大坝,s5,record,2026-09-28 23:46:22
images\blocked\roi_20260929_040726_393.jpg,blocked,零号大坝,s5,record,2026-09-28 23:46:24
images\passable\roi_20260929_040728_424.jpg,passable,零号大坝,s5,record,2026-09-28 23:46:26
images\passable\roi_20260929_040730_622.jpg,passable,零号大坝,s5,record,2026-09-28 23:46:29
images\passable\roi_20260929_040731_152.jpg,passable,零号大坝,s5,record,2026-09-28 23:46:31
images\passable\roi_20260929_040731_627.jpg,passable,零号大坝,s5,record,2026-09-28 23:46:33
images\passable\roi_20260929_040739_229.jpg,passable,零号大坝,s5,record,2026-09-28 23:46:37
images\passable\roi_20260929_040739_987.jpg,passable,零号大坝,s5,record,2026-09-28 23:46:39
images\passable\roi_20260929_040740_477.jpg,passable,零号大坝,s5,record,2026-09-28 23:46:41
images\passable\roi_20260929_040745_848.jpg,passable,零号大坝,s5,record,2026-09-28 23:46:44
images\passable\roi_20260929_040746_424.jpg,passable,零号大坝,s5,record,2026-09-28 23:46:46
images\passable\roi_20260929_040746_829.jpg,passable,零号大坝,s5,record,2026-09-28 23:46:48
images\passable\roi_20260929_040747_263.jpg,passable,零号大坝,s5,record,2026-09-28 23:46:50
images\blocked\roi_20260929_040749_651.jpg,blocked,零号大坝,s5,record,2026-09-28 23:46:52
images\passable\roi_20260929_040753_152.jpg,passable,零号大坝,s5,record,2026-09-28 23:46:53
images\passable\roi_20260929_040753_770.jpg,passable,零号大坝,s5,record,2026-09-28 23:46:55
images\passable\roi_20260929_040754_449.jpg,passable,零号大坝,s5,record,2026-09-28 23:46:57
images\passable\roi_20260929_040757_325.jpg,passable,零号大坝,s5,record,2026-09-28 23:46:59
images\passable\roi_20260929_040759_474.jpg,passable,零号大坝,s5,record,2026-09-28 23:47:05
images\passable\roi_20260929_040800_442.jpg,passable,零号大坝,s5,record,2026-09-28 23:47:06
images\passable\roi_20260929_040801_476.jpg,passable,零号大坝,s5,record,2026-09-28 23:47:08
images\blocked\roi_20260929_040803_533.jpg,blocked,零号大坝,s5,record,2026-09-28 23:47:10
images\blocked\roi_20260929_040804_939.jpg,blocked,零号大坝,s5,record,2026-09-28 23:47:12
images\blocked\roi_20260929_040805_934.jpg,blocked,零号大坝,s5,record,2026-09-28 23:47:14
images\blocked\roi_20260929_040806_522.jpg,blocked,零号大坝,s5,record,2026-09-28 23:47:16
images\passable\roi_20260929_040808_172.jpg,passable,零号大坝,s5,record,2026-09-28 23:47:19
images\blocked\roi_20260929_040809_330.jpg,blocked,零号大坝,s5,record,2026-09-28 23:47:21
images\blocked\roi_20260929_040813_870.jpg,blocked,零号大坝,s5,record,2026-09-28 23:47:28
images\passable\roi_20260929_040816_041.jpg,passable,零号大坝,s5,record,2026-09-28 23:47:30
images\passable\roi_20260929_040816_725.jpg,passable,零号大坝,s5,record,2026-09-28 23:47:31
images\passable\roi_20260929_040817_478.jpg,passable,零号大坝,s5,record,2026-09-28 23:47:33
images\blocked\roi_20260929_040820_356.jpg,blocked,零号大坝,s5,record,2026-09-28 23:47:37
images\passable\roi_20260929_040824_664.jpg,passable,零号大坝,s5,record,2026-09-28 23:47:40
images\passable\roi_20260929_040825_186.jpg,passable,零号大坝,s5,record,2026-09-28 23:47:42
images\passable\roi_20260929_040825_922.jpg,passable,零号大坝,s5,record,2026-09-28 23:47:44
images\blocked\roi_20260929_040832_615.jpg,blocked,零号大坝,s5,record,2026-09-28 23:47:47
images\passable\roi_20260929_040834_147.jpg,passable,零号大坝,s5,record,2026-09-28 23:47:50
images\blocked\roi_20260929_040835_292.jpg,blocked,零号大坝,s5,record,2026-09-28 23:47:52
images\passable\roi_20260929_040836_847.jpg,passable,零号大坝,s5,record,2026-09-28 23:47:53
images\blocked\roi_20260929_040838_658.jpg,blocked,零号大坝,s5,record,2026-09-28 23:47:55
images\passable\roi_20260929_040839_714.jpg,passable,零号大坝,s5,record,2026-09-28 23:47:58
images\blocked\roi_20260929_040840_504.jpg,blocked,零号大坝,s5,record,2026-09-28 23:47:59
images\passable\roi_20260929_040842_791.jpg,passable,零号大坝,s5,record,2026-09-28 23:48:01
images\passable\roi_20260929_040844_697.jpg,passable,零号大坝,s5,record,2026-09-28 23:48:06
images\blocked\roi_20260929_040845_609.jpg,blocked,零号大坝,s5,record,2026-09-28 23:48:08
images\passable\roi_20260929_040848_259.jpg,passable,零号大坝,s5,record,2026-09-28 23:48:10
images\passable\roi_20260929_040849_854.jpg,passable,零号大坝,s5,record,2026-09-28 23:48:12
images\passable\roi_20260929_040856_330.jpg,passable,零号大坝,s5,record,2026-09-28 23:48:22
images\passable\roi_20260929_040904_652.jpg,passable,零号大坝,s5,record,2026-09-28 23:48:42
images\passable\roi_20260929_040905_563.jpg,passable,零号大坝,s5,record,2026-09-28 23:48:44
images\passable\roi_20260929_040906_341.jpg,passable,零号大坝,s5,record,2026-09-28 23:48:46
images\passable\roi_20260929_040908_236.jpg,passable,零号大坝,s5,record,2026-09-28 23:48:51
images\blocked\roi_20260929_040910_717.jpg,blocked,零号大坝,s5,record,2026-09-28 23:48:55
images\passable\roi_20260929_040914_252.jpg,passable,零号大坝,s5,record,2026-09-28 23:48:57
images\passable\roi_20260929_040917_371.jpg,passable,零号大坝,s5,record,2026-09-28 23:48:58
images\blocked\roi_20260929_040922_569.jpg,blocked,零号大坝,s5,record,2026-09-28 23:49:10
images\blocked\roi_20260929_040924_371.jpg,blocked,零号大坝,s5,record,2026-09-28 23:49:12
images\blocked\roi_20260929_040925_853.jpg,blocked,零号大坝,s5,record,2026-09-28 23:49:14
images\blocked\roi_20260929_040926_743.jpg,blocked,零号大坝,s5,record,2026-09-28 23:49:16
images\passable\roi_20260929_040929_718.jpg,passable,零号大坝,s5,record,2026-09-28 23:49:23
images\passable\roi_20260929_040930_799.jpg,passable,零号大坝,s5,record,2026-09-28 23:49:24
images\passable\roi_20260929_040931_227.jpg,passable,零号大坝,s5,record,2026-09-28 23:49:26
images\passable\roi_20260929_040931_882.jpg,passable,零号大坝,s5,record,2026-09-28 23:49:28
images\passable\roi_20260929_040932_284.jpg,passable,零号大坝,s5,record,2026-09-28 23:49:30
images\passable\roi_20260929_040933_804.jpg,passable,零号大坝,s5,record,2026-09-28 23:49:32
images\passable\roi_20260929_040950_330.jpg,passable,零号大坝,s5,record,2026-09-28 23:49:34
images\passable\roi_20260929_040951_061.jpg,passable,零号大坝,s5,record,2026-09-28 23:49:36
images\passable\roi_20260929_040951_696.jpg,passable,零号大坝,s5,record,2026-09-28 23:49:38
images\passable\roi_20260929_040952_046.jpg,passable,零号大坝,s5,record,2026-09-28 23:49:41
images\blocked\roi_20260929_040953_500.jpg,blocked,零号大坝,s5,record,2026-09-28 23:49:43
images\blocked\roi_20260929_040955_095.jpg,blocked,零号大坝,s5,record,2026-09-28 23:49:45
images\passable\roi_20260929_040957_292.jpg,passable,零号大坝,s5,record,2026-09-28 23:49:47
images\passable\roi_20260929_040958_066.jpg,passable,零号大坝,s5,record,2026-09-28 23:49:50
images\blocked\roi_20260929_041004_815.jpg,blocked,零号大坝,s5,record,2026-09-28 23:49:52
images\passable\roi_20260929_041005_411.jpg,passable,零号大坝,s5,record,2026-09-28 23:49:55
images\passable\roi_20260929_041005_804.jpg,passable,零号大坝,s5,record,2026-09-28 23:49:57
images\passable\roi_20260929_041006_151.jpg,passable,零号大坝,s5,record,2026-09-28 23:49:58
images\passable\roi_20260929_041006_828.jpg,passable,零号大坝,s5,record,2026-09-28 23:50:01
images\passable\roi_20260929_041007_784.jpg,passable,零号大坝,s5,record,2026-09-28 23:50:02
images\passable\roi_20260929_041008_478.jpg,passable,零号大坝,s5,record,2026-09-28 23:50:05
images\passable\roi_20260929_041009_825.jpg,passable,零号大坝,s5,record,2026-09-28 23:50:07
images\passable\roi_20260929_041010_493.jpg,passable,零号大坝,s5,record,2026-09-28 23:50:09
images\passable\roi_20260929_041014_668.jpg,passable,零号大坝,s5,record,2026-09-28 23:50:14
images\passable\roi_20260929_041015_829.jpg,passable,零号大坝,s5,record,2026-09-28 23:50:15
images\passable\roi_20260929_041016_447.jpg,passable,零号大坝,s5,record,2026-09-28 23:50:18
images\passable\roi_20260929_041016_926.jpg,passable,零号大坝,s5,record,2026-09-28 23:50:19
images\blocked\roi_20260929_041017_942.jpg,blocked,零号大坝,s5,record,2026-09-28 23:50:21
images\passable\roi_20260929_041018_964.jpg,passable,零号大坝,s5,record,2026-09-28 23:50:24
images\passable\roi_20260929_041020_279.jpg,passable,零号大坝,s5,record,2026-09-28 23:50:26
images\passable\roi_20260929_041020_816.jpg,passable,零号大坝,s5,record,2026-09-28 23:50:28
images\passable\roi_20260929_041021_350.jpg,passable,零号大坝,s5,record,2026-09-28 23:50:30
images\passable\roi_20260929_041022_452.jpg,passable,零号大坝,s5,record,2026-09-28 23:50:32
images\passable\roi_20260929_041023_155.jpg,passable,零号大坝,s5,record,2026-09-28 23:50:35
images\passable\roi_20260929_041025_430.jpg,passable,零号大坝,s5,record,2026-09-28 23:50:37
images\passable\roi_20260929_041026_330.jpg,passable,零号大坝,s5,record,2026-09-28 23:50:38
images\passable\roi_20260929_041029_770.jpg,passable,零号大坝,s5,record,2026-09-28 23:50:42
images\passable\roi_20260929_041030_464.jpg,passable,零号大坝,s5,record,2026-09-28 23:50:44
images\no_ground\roi_20260929_041033_952.jpg,no_ground,零号大坝,s5,record,2026-09-28 23:50:46
images\no_ground\roi_20260929_041034_438.jpg,no_ground,零号大坝,s5,record,2026-09-28 23:50:48
images\no_ground\roi_20260929_041035_256.jpg,no_ground,零号大坝,s5,record,2026-09-28 23:50:50
images\no_ground\roi_20260929_041037_790.jpg,no_ground,零号大坝,s5,record,2026-09-28 23:50:55
images\no_ground\roi_20260929_041038_434.jpg,no_ground,零号大坝,s5,record,2026-09-28 23:50:57
images\blocked\roi_20260929_042147_913.jpg,blocked,零号大坝,s5,record,2026-09-28 23:38:16
images\passable\roi_20260929_042150_901.jpg,passable,零号大坝,s5,record,2026-09-28 23:38:22
images\blocked\roi_20260929_042239_450.jpg,blocked,零号大坝,s5,record,2026-09-28 23:42:21
