record_relpath,train_relpath
full\full_20260928_232739_514.jpg,images\passable\roi_20260929_034903_075.jpg
full\full_20260928_232741_801.jpg,images\passable\roi_20260929_034905_178.jpg
full\full_20260928_232743_713.jpg,images\passable\roi_20260929_034912_832.jpg
full\full_20260928_232745_679.jpg,images\passable\roi_20260929_034913_636.jpg
full\full_20260928_232747_775.jpg,images\passable\roi_20260929_034914_179.jpg
full\full_20260928_232749_120.jpg,images\passable\roi_20260929_034914_686.jpg
full\full_20260928_232750_912.jpg,images\passable\roi_20260929_034915_574.jpg
full\full_20260928_232753_072.jpg,images\passable\roi_20260929_034918_191.jpg
full\full_20260928_232754_610.jpg,images\passable\roi_20260929_034920_668.jpg
full\full_20260928_232756_582.jpg,images\passable\roi_20260929_034921_381.jpg
full\full_20260928_232758_107.jpg,images\passable\roi_20260929_034921_904.jpg
full\full_20260928_232800_381.jpg,images\passable\roi_20260929_034924_407.jpg
full\full_20260928_232802_174.jpg,images\passable\roi_20260929_034925_472.jpg
full\full_20260928_232803_708.jpg,images\passable\roi_20260929_034926_294.jpg
full\full_20260928_232806_039.jpg,images\passable\roi_20260929_034926_658.jpg
full\full_20260928_232807_686.jpg,images\passable\roi_20260929_034927_195.jpg
full\full_20260928_232812_620.jpg,images\passable\roi_20260929_034946_439.jpg
full\full_20260928_232711_465.jpg,images\no_ground\roi_20260929_035456_701.jpg
full\full_20260928_232713_491.jpg,images\no_ground\roi_20260929_035458_397.jpg
full\full_20260928_232715_769.jpg,images\no_ground\roi_20260929_035459_157.jpg
full\full_20260928_232724_332.jpg,images\no_ground\roi_20260929_035459_970.jpg
full\full_20260928_232726_738.jpg,images\passable\roi_20260929_035505_429.jpg
full\full_20260928_232728_324.jpg,images\no_ground\roi_20260929_035513_654.jpg
full\full_20260928_232730_777.jpg,images\no_ground\roi_20260929_035515_996.jpg
full\full_20260928_232733_307.jpg,images\passable\roi_20260929_035518_049.jpg
full\full_20260928_232734_846.jpg,images\passable\roi_20260929_035519_272.jpg
full\full_20260928_232810_090.jpg,images\passable\roi_20260929_035542_477.jpg
full\full_20260928_232815_939.jpg,images\passable\roi_20260929_035546_436.jpg
full\full_20260928_232817_298.jpg,images\passable\roi_20260929_035547_805.jpg
full\full_20260928_232818_832.jpg,images\passable\roi_20260929_035549_434.jpg
full\full_20260928_232820_304.jpg,images\blocked\roi_20260929_035551_277.jpg
full\full_20260928_232822_523.jpg,images\passable\roi_20260929_035554_142.jpg
full\full_20260928_232824_626.jpg,images\passable\roi_20260929_035555_957.jpg
full\full_20260928_232837_452.jpg,images\blocked\roi_20260929_035612_067.jpg
full\full_20260928_232900_978.jpg,images\passable\roi_20260929_035625_195.jpg
full\full_20260928_232959_246.jpg,images\passable\roi_20260929_035647_623.jpg
full\full_20260928_233001_267.jpg,images\passable\roi_20260929_035650_186.jpg
full\full_20260928_233002_737.jpg,images\passable\roi_20260929_035650_954.jpg
full\full_20260928_233007_233.jpg,images\passable\roi_20260929_035652_646.jpg
full\full_20260928_233029_043.jpg,images\passable\roi_20260929_035702_949.jpg
full\full_20260928_233030_814.jpg,images\passable\roi_20260929_035703_595.jpg
full\full_20260928_233036_480.jpg,images\passable\roi_20260929_035708_591.jpg
full\full_20260928_233052_356.jpg,images\passable\roi_20260929_035718_126.jpg
full\full_20260928_233056_170.jpg,images\passable\roi_20260929_035721_683.jpg
full\full_20260928_233058_707.jpg,images\passable\roi_20260929_035722_380.jpg
full\full_20260928_233100_617.jpg,images\passable\roi_20260929_035724_851.jpg
full\full_20260928_233108_925.jpg,images\passable\roi_20260929_035726_988.jpg
full\full_20260928_233112_781.jpg,images\passable\roi_20260929_035728_646.jpg
full\full_20260928_233124_718.jpg,images\passable\roi_20260929_035733_495.jpg
full\full_20260928_233126_078.jpg,images\passable\roi_20260929_035734_050.jpg
full\full_20260928_233127_489.jpg,images\blocked\roi_20260929_035738_814.jpg
full\full_20260928_233129_333.jpg,images\passable\roi_20260929_035739_582.jpg
full\full_20260928_233131_798.jpg,images\blocked\roi_20260929_035744_987.jpg
full\full_20260928_233133_650.jpg,images\blocked\roi_20260929_035746_868.jpg
full\full_20260928_233135_425.jpg,images\blocked\roi_20260929_035747_558.jpg
full\full_20260928_233137_648.jpg,images\passable\roi_20260929_035748_627.jpg
full\full_20260928_233140_173.jpg,images\passable\roi_20260929_035749_122.jpg
full\full_20260928_233142_146.jpg,images\no_ground\roi_20260929_035756_100.jpg
full\full_20260928_233143_931.jpg,images\passable\roi_20260929_035758_742.jpg
full\full_20260928_233146_453.jpg,images\passable\roi_20260929_035759_770.jpg
full\full_20260928_233156_082.jpg,images\blocked\roi_20260929_035805_134.jpg
full\full_20260928_233158_489.jpg,images\passable\roi_20260929_035806_670.jpg
full\full_20260928_233200_397.jpg,images\blocked\roi_20260929_035808_856.jpg
full\full_20260928_233202_560.jpg,images\passable\roi_20260929_035809_761.jpg
full\full_20260928_233204_395.jpg,images\passable\roi_20260929_035811_518.jpg
full\full_20260928_233205_992.jpg,images\passable\roi_20260929_035812_649.jpg
full\full_20260928_233208_141.jpg,images\passable\roi_20260929_035813_291.jpg
full\full_20260928_233210_483.jpg,images\passable\roi_20260929_035813_812.jpg
full\full_20260928_233211_893.jpg,images\passable\roi_20260929_035814_378.jpg
full\full_20260928_233213_495.jpg,images\passable\roi_20260929_035814_791.jpg
full\full_20260928_233217_817.jpg,images\passable\roi_20260929_035817_151.jpg
full\full_20260928_233219_658.jpg,images\passable\roi_20260929_035817_676.jpg
full\full_20260928_233221_449.jpg,images\passable\roi_20260929_035818_108.jpg
full\full_20260928_233223_983.jpg,images\passable\roi_20260929_035818_763.jpg
full\full_20260928_233225_646.jpg,images\passable\roi_20260929_035819_505.jpg
full\full_20260928_233230_641.jpg,images\passable\roi_20260929_035822_767.jpg
full\full_20260928_233232_492.jpg,images\passable\roi_20260929_035823_593.jpg
full\full_20260928_233244_441.jpg,images\passable\roi_20260929_035839_343.jpg
full\full_20260928_233246_296.jpg,images\passable\roi_20260929_035840_124.jpg
full\full_20260928_233248_586.jpg,images\no_ground\roi_20260929_035846_634.jpg
full\full_20260928_233250_434.jpg,images\passable\roi_20260929_035849_039.jpg
full\full_20260928_233252_161.jpg,images\passable\roi_20260929_035850_212.jpg
full\full_20260928_233253_512.jpg,images\passable\roi_20260929_035850_774.jpg
full\full_20260928_233255_531.jpg,images\passable\roi_20260929_035851_167.jpg
full\full_20260928_233258_053.jpg,images\passable\roi_20260929_035851_538.jpg
full\full_20260928_233259_514.jpg,images\passable\roi_20260929_035851_879.jpg
full\full_20260928_233301_545.jpg,images\passable\roi_20260929_035852_232.jpg
full\full_20260928_233302_887.jpg,images\passable\roi_20260929_035852_730.jpg
full\full_20260928_233304_480.jpg,images\blocked\roi_20260929_035921_469.jpg
full\full_20260928_233305_829.jpg,images\blocked\roi_20260929_035926_614.jpg
full\full_20260928_233307_852.jpg,images\passable\roi_20260929_035927_388.jpg
full\full_20260928_233310_131.jpg,images\no_ground\roi_20260929_035929_381.jpg
full\full_20260928_233311_539.jpg,images\passable\roi_20260929_035935_986.jpg
full\full_20260928_233313_062.jpg,images\passable\roi_20260929_035936_511.jpg
full\full_20260928_233314_591.jpg,images\passable\roi_20260929_035936_926.jpg
full\full_20260928_233316_057.jpg,images\passable\roi_20260929_035937_360.jpg
full\full_20260928_233317_413.jpg,images\passable\roi_20260929_035938_024.jpg
full\full_20260928_233319_008.jpg,images\passable\roi_20260929_035938_703.jpg
full\full_20260928_233320_787.jpg,images\passable\roi_20260929_035939_580.jpg
full\full_20260928_233322_509.jpg,images\passable\roi_20260929_035940_235.jpg
full\full_20260928_233323_913.jpg,images\passable\roi_20260929_035940_734.jpg
full\full_20260928_233328_794.jpg,images\passable\roi_20260929_035943_139.jpg
full\full_20260928_233333_234.jpg,images\no_ground\roi_20260929_035950_755.jpg
full\full_20260928_233334_946.jpg,images\no_ground\roi_20260929_035951_400.jpg
full\full_20260928_233338_560.jpg,images\passable\roi_20260929_040004_499.jpg
full\full_20260928_233349_855.jpg,images\passable\roi_20260929_040008_040.jpg
full\full_20260928_233351_444.jpg,images\passable\roi_20260929_040008_539.jpg
full\full_20260928_233353_959.jpg,images\passable\roi_20260929_040009_035.jpg
full\full_20260928_233355_987.jpg,images\passable\roi_20260929_040009_505.jpg
full\full_20260928_233358_321.jpg,images\passable\roi_20260929_040010_146.jpg
full\full_20260928_233400_169.jpg,images\blocked\roi_20260929_040011_367.jpg
full\full_20260928_233402_634.jpg,images\blocked\roi_20260929_040013_297.jpg
full\full_20260928_233404_609.jpg,images\passable\roi_20260929_040014_069.jpg
full\full_20260928_233406_560.jpg,images\blocked\roi_20260929_040016_798.jpg
full\full_20260928_233408_525.jpg,images\passable\roi_20260929_040019_458.jpg
full\full_20260928_233420_961.jpg,images\passable\roi_20260929_040027_553.jpg
full\full_20260928_233422_796.jpg,images\passable\roi_20260929_040028_141.jpg
full\full_20260928_233425_315.jpg,images\passable\roi_20260929_040029_521.jpg
full\full_20260928_233426_671.jpg,images\passable\roi_20260929_040030_387.jpg
full\full_20260928_233428_023.jpg,images\no_ground\roi_20260929_040033_683.jpg
full\full_20260928_233429_488.jpg,images\blocked\roi_20260929_040036_662.jpg
full\full_20260928_233431_459.jpg,images\passable\roi_20260929_040039_500.jpg
full\full_20260928_233433_296.jpg,images\no_ground\roi_20260929_040040_609.jpg
full\full_20260928_233437_900.jpg,images\passable\roi_20260929_040042_583.jpg
full\full_20260928_233439_798.jpg,images\passable\roi_20260929_040043_002.jpg
full\full_20260928_233442_330.jpg,images\passable\roi_20260929_040044_436.jpg
full\full_20260928_233443_730.jpg,images\passable\roi_20260929_040044_997.jpg
full\full_20260928_233446_252.jpg,images\passable\roi_20260929_040045_791.jpg
full\full_20260928_233447_589.jpg,images\passable\roi_20260929_040046_542.jpg
full\full_20260928_233449_733.jpg,images\passable\roi_20260929_040047_107.jpg
full\full_20260928_233452_135.jpg,images\passable\roi_20260929_040047_501.jpg
full\full_20260928_233453_594.jpg,images\passable\roi_20260929_040047_972.jpg
full\full_20260928_233455_489.jpg,images\blocked\roi_20260929_040049_646.jpg
full\full_20260928_233457_086.jpg,images\passable\roi_20260929_040051_247.jpg
full\full_20260928_233502_726.jpg,images\blocked\roi_20260929_040059_275.jpg
full\full_20260928_233626_635.jpg,images\passable\roi_20260929_040118_257.jpg
full\full_20260928_233629_162.jpg,images\passable\roi_20260929_040118_925.jpg
full\full_20260928_233630_813.jpg,images\passable\roi_20260929_040119_448.jpg
full\full_20260928_233633_035.jpg,images\passable\roi_20260929_040121_223.jpg
full\full_20260928_233635_367.jpg,images\passable\roi_20260929_040123_587.jpg
full\full_20260928_233637_140.jpg,images\passable\roi_20260929_040127_536.jpg
full\full_20260928_233638_970.jpg,images\passable\roi_20260929_040128_492.jpg
full\full_20260928_233640_624.jpg,images\passable\roi_20260929_040129_572.jpg
full\full_20260928_233641_957.jpg,images\passable\roi_20260929_040130_023.jpg
full\full_20260928_233644_421.jpg,images\passable\roi_20260929_040130_735.jpg
full\full_20260928_233646_021.jpg,images\blocked\roi_20260929_040132_089.jpg
full\full_20260928_233647_610.jpg,images\blocked\roi_20260929_040135_151.jpg
full\full_20260928_233649_447.jpg,images\blocked\roi_20260929_040135_891.jpg
full\full_20260928_233654_728.jpg,images\passable\roi_20260929_040140_515.jpg
full\full_20260928_233656_698.jpg,images\passable\roi_20260929_040141_154.jpg
full\full_20260928_233701_646.jpg,images\passable\roi_20260929_040143_194.jpg
full\full_20260928_233703_854.jpg,images\blocked\roi_20260929_040153_884.jpg
full\full_20260928_233706_063.jpg,images\blocked\roi_20260929_040155_165.jpg
full\full_20260928_233709_986.jpg,images\passable\roi_20260929_040158_406.jpg
full\full_20260928_233712_502.jpg,images\passable\roi_20260929_040205_124.jpg
full\full_20260928_233745_776.jpg,images\blocked\roi_20260929_040216_017.jpg
full\full_20260928_233747_483.jpg,images\blocked\roi_20260929_040217_258.jpg
full\full_20260928_233749_070.jpg,images\blocked\roi_20260929_040217_911.jpg
full\full_20260928_233750_790.jpg,images\blocked\roi_20260929_040218_465.jpg
full\full_20260928_233753_011.jpg,images\blocked\roi_20260929_040219_038.jpg
full\full_20260928_233818_447.jpg,images\blocked\roi_20260929_040231_031.jpg
full\full_20260928_233819_785.jpg,images\blocked\roi_20260929_040232_934.jpg
full\full_20260928_233824_446.jpg,images\passable\roi_20260929_040241_487.jpg
full\full_20260928_233835_182.jpg,images\passable\roi_20260929_040248_811.jpg
full\full_20260928_233836_829.jpg,images\passable\roi_20260929_040251_303.jpg
full\full_20260928_233838_292.jpg,images\passable\roi_20260929_040252_103.jpg
full\full_20260928_233840_696.jpg,images\passable\roi_20260929_040253_239.jpg
full\full_20260928_233843_213.jpg,images\passable\roi_20260929_040254_064.jpg
full\full_20260928_233844_740.jpg,images\passable\roi_20260929_040254_697.jpg
full\full_20260928_233846_824.jpg,images\passable\roi_20260929_040255_467.jpg
full\full_20260928_233848_221.jpg,images\passable\roi_20260929_040256_087.jpg
full\full_20260928_233853_979.jpg,images\passable\roi_20260929_040302_192.jpg
full\full_20260928_233855_316.jpg,images\passable\roi_20260929_040302_811.jpg
full\full_20260928_233859_779.jpg,images\passable\roi_20260929_040306_946.jpg
full\full_20260928_233902_642.jpg,images\passable\roi_20260929_040308_527.jpg
full\full_20260928_233904_112.jpg,images\blocked\roi_20260929_040310_035.jpg
full\full_20260928_233906_330.jpg,images\blocked\roi_20260929_040311_885.jpg
full\full_20260928_233907_731.jpg,images\passable\roi_20260929_040312_744.jpg
full\full_20260928_233909_821.jpg,images\blocked\roi_20260929_040313_728.jpg
full\full_20260928_233912_101.jpg,images\passable\roi_20260929_040314_494.jpg
full\full_20260928_233914_314.jpg,images\passable\roi_20260929_040315_100.jpg
full\full_20260928_233916_418.jpg,images\passable\roi_20260929_040315_670.jpg
full\full_20260928_233918_085.jpg,images\passable\roi_20260929_040316_249.jpg
full\full_20260928_233920_619.jpg,images\passable\roi_20260929_040316_831.jpg
full\full_20260928_233922_037.jpg,images\passable\roi_20260929_040317_356.jpg
full\full_20260928_233924_445.jpg,images\passable\roi_20260929_040317_916.jpg
full\full_20260928_233925_977.jpg,images\passable\roi_20260929_040318_746.jpg
full\full_20260928_233927_639.jpg,images\passable\roi_20260929_040319_355.jpg
full\full_20260928_233929_920.jpg,images\passable\roi_20260929_040319_851.jpg
full\full_20260928_233931_256.jpg,images\passable\roi_20260929_040320_380.jpg
full\full_20260928_233933_157.jpg,images\passable\roi_20260929_040321_408.jpg
full\full_20260928_233935_428.jpg,images\passable\roi_20260929_040322_046.jpg
full\full_20260928_233937_839.jpg,images\passable\roi_20260929_040322_573.jpg
full\full_20260928_233940_062.jpg,images\passable\roi_20260929_040323_100.jpg
full\full_20260928_233941_706.jpg,images\passable\roi_20260929_040323_536.jpg
full\full_20260928_233943_856.jpg,images\passable\roi_20260929_040324_157.jpg
full\full_20260928_233950_358.jpg,images\passable\roi_20260929_040327_879.jpg
full\full_20260928_233952_445.jpg,images\passable\roi_20260929_040329_797.jpg
full\full_20260928_233953_861.jpg,images\passable\roi_20260929_040330_790.jpg
full\full_20260928_233956_270.jpg,images\passable\roi_20260929_040331_505.jpg
full\full_20260928_233957_671.jpg,images\passable\roi_20260929_040332_292.jpg
full\full_20260928_233959_816.jpg,images\passable\roi_20260929_040334_346.jpg
full\full_20260928_234002_273.jpg,images\passable\roi_20260929_040334_812.jpg
full\full_20260928_234018_334.jpg,images\passable\roi_20260929_040342_043.jpg
full\full_20260928_234019_872.jpg,images\passable\roi_20260929_040342_884.jpg
full\full_20260928_234022_143.jpg,images\passable\roi_20260929_040343_319.jpg
full\full_20260928_234026_005.jpg,images\passable\roi_20260929_040346_675.jpg
full\full_20260928_234029_879.jpg,images\blocked\roi_20260929_040349_373.jpg
full\full_20260928_234032_160.jpg,images\blocked\roi_20260929_040350_100.jpg
full\full_20260928_234035_602.jpg,images\passable\roi_20260929_040353_080.jpg
full\full_20260928_234042_239.jpg,images\passable\roi_20260929_040354_840.jpg
full\full_20260928_234044_631.jpg,images\passable\roi_20260929_040355_319.jpg
full\full_20260928_234050_280.jpg,images\passable\roi_20260929_040359_956.jpg
full\full_20260928_234052_060.jpg,images\passable\roi_20260929_040400_652.jpg
full\full_20260928_234053_537.jpg,images\passable\roi_20260929_040401_433.jpg
full\full_20260928_234055_864.jpg,images\passable\roi_20260929_040402_169.jpg
full\full_20260928_234057_268.jpg,images\no_ground\roi_20260929_040406_323.jpg
full\full_20260928_234059_417.jpg,images\passable\roi_20260929_040409_998.jpg
full\full_20260928_234101_870.jpg,images\passable\roi_20260929_040410_767.jpg
full\full_20260928_234103_775.jpg,images\passable\roi_20260929_040412_596.jpg
full\full_20260928_234105_433.jpg,images\blocked\roi_20260929_040413_858.jpg
full\full_20260928_234106_957.jpg,images\passable\roi_20260929_040414_566.jpg
full\full_20260928_234109_166.jpg,images\passable\roi_20260929_040415_006.jpg
full\full_20260928_234111_196.jpg,images\passable\roi_20260929_040415_656.jpg
full\full_20260928_234112_791.jpg,images\passable\roi_20260929_040416_164.jpg
full\full_20260928_234114_255.jpg,images\passable\roi_20260929_040416_585.jpg
full\full_20260928_234115_914.jpg,images\passable\roi_20260929_040417_302.jpg
full\full_20260928_234118_010.jpg,images\blocked\roi_20260929_040421_317.jpg
full\full_20260928_234119_921.jpg,images\passable\roi_20260929_040422_070.jpg
full\full_20260928_234121_515.jpg,images\passable\roi_20260929_040422_638.jpg
full\full_20260928_234123_737.jpg,images\passable\roi_20260929_040422_988.jpg
full\full_20260928_234125_587.jpg,images\passable\roi_20260929_040423_519.jpg
full\full_20260928_234140_679.jpg,images\passable\roi_20260929_040432_697.jpg
full\full_20260928_234144_550.jpg,images\passable\roi_20260929_040435_065.jpg
full\full_20260928_234146_702.jpg,images\passable\roi_20260929_040435_741.jpg
full\full_20260928_234152_336.jpg,images\passable\roi_20260929_040438_388.jpg
full\full_20260928_234213_582.jpg,images\no_ground\roi_20260929_040451_623.jpg
full\full_20260928_234233_211.jpg,images\no_ground\roi_20260929_040507_259.jpg
full\full_20260928_234242_453.jpg,images\passable\roi_20260929_040520_778.jpg
full\full_20260928_234253_547.jpg,images\blocked\roi_20260929_040526_946.jpg
full\full_20260928_234255_510.jpg,images\passable\roi_20260929_040528_269.jpg
full\full_20260928_234256_981.jpg,images\passable\roi_20260929_040529_011.jpg
full\full_20260928_234258_695.jpg,images\passable\roi_20260929_040529_482.jpg
full\full_20260928_234301_151.jpg,images\passable\roi_20260929_040530_007.jpg
full\full_20260928_234303_301.jpg,images\passable\roi_20260929_040530_695.jpg
full\full_20260928_234305_756.jpg,images\passable\roi_20260929_040531_422.jpg
full\full_20260928_234308_086.jpg,images\passable\roi_20260929_040531_975.jpg
full\full_20260928_234310_243.jpg,images\passable\roi_20260929_040533_476.jpg
full\full_20260928_234311_716.jpg,images\passable\roi_20260929_040533_993.jpg
full\full_20260928_234314_056.jpg,images\passable\roi_20260929_040534_550.jpg
full\full_20260928_234318_736.jpg,images\passable\roi_20260929_040536_235.jpg
full\full_20260928_234321_252.jpg,images\passable\roi_20260929_040536_684.jpg
full\full_20260928_234322_909.jpg,images\passable\roi_20260929_040537_114.jpg
full\full_20260928_234324_261.jpg,images\passable\roi_20260929_040537_669.jpg
full\full_20260928_234326_286.jpg,images\passable\roi_20260929_040538_082.jpg
full\full_20260928_234328_013.jpg,images\passable\roi_20260929_040538_540.jpg
full\full_20260928_234329_592.jpg,images\passable\roi_20260929_040539_804.jpg
full\full_20260928_234331_804.jpg,images\passable\roi_20260929_040540_375.jpg
full\full_20260928_234333_637.jpg,images\passable\roi_20260929_040540_766.jpg
full\full_20260928_234335_102.jpg,images\passable\roi_20260929_040541_315.jpg
full\full_20260928_234337_315.jpg,images\passable\roi_20260929_040542_213.jpg
full\full_20260928_234339_334.jpg,images\passable\roi_20260929_040542_764.jpg
full\full_20260928_234340_987.jpg,images\passable\roi_20260929_040543_343.jpg
full\full_20260928_234343_335.jpg,images\passable\roi_20260929_040543_732.jpg
full\full_20260928_234345_792.jpg,images\passable\roi_20260929_040544_338.jpg
full\full_20260928_234347_627.jpg,images\passable\roi_20260929_040544_719.jpg
full\full_20260928_234349_217.jpg,images\passable\roi_20260929_040545_173.jpg
full\full_20260928_234350_805.jpg,images\passable\roi_20260929_040545_780.jpg
full\full_20260928_234352_151.jpg,images\blocked\roi_20260929_040547_315.jpg
full\full_20260928_234354_119.jpg,images\blocked\roi_20260929_040547_957.jpg
full\full_20260928_234404_244.jpg,images\blocked\roi_20260929_040555_544.jpg
full\full_20260928_234408_488.jpg,images\passable\roi_20260929_040557_616.jpg
full\full_20260928_234410_829.jpg,images\passable\roi_20260929_040558_286.jpg
full\full_20260928_234412_289.jpg,images\passable\roi_20260929_040558_817.jpg
full\full_20260928_234414_808.jpg,images\passable\roi_20260929_040559_909.jpg
full\full_20260928_234416_458.jpg,images\blocked\roi_20260929_040601_784.jpg
full\full_20260928_234417_915.jpg,images\passable\roi_20260929_040602_654.jpg
full\full_20260928_234419_323.jpg,images\passable\roi_20260929_040603_517.jpg
full\full_20260928_234421_665.jpg,images\passable\roi_20260929_040604_142.jpg
full\full_20260928_234423_382.jpg,images\passable\roi_20260929_040604_597.jpg
full\full_20260928_234425_793.jpg,images\passable\roi_20260929_040605_565.jpg
full\full_20260928_234427_949.jpg,images\passable\roi_20260929_040606_281.jpg
full\full_20260928_234429_358.jpg,images\passable\roi_20260929_040606_945.jpg
full\full_20260928_234431_522.jpg,images\passable\roi_20260929_040607_687.jpg
full\full_20260928_234433_684.jpg,images\passable\roi_20260929_040608_837.jpg
full\full_20260928_234435_517.jpg,images\passable\roi_20260929_040610_732.jpg
full\full_20260928_234437_101.jpg,images\blocked\roi_20260929_040611_819.jpg
full\full_20260928_234438_948.jpg,images\blocked\roi_20260929_040616_996.jpg
full\full_20260928_234440_418.jpg,images\blocked\roi_20260929_040617_990.jpg
full\full_20260928_234502_686.jpg,images\passable\roi_20260929_040625_964.jpg
full\full_20260928_234504_088.jpg,images\passable\roi_20260929_040626_630.jpg
full\full_20260928_234505_983.jpg,images\passable\roi_20260929_040627_057.jpg
full\full_20260928_234508_069.jpg,images\passable\roi_20260929_040627_799.jpg
full\full_20260928_234509_964.jpg,images\passable\roi_20260929_040628_455.jpg
full\full_20260928_234511_302.jpg,images\passable\roi_20260929_040628_995.jpg
full\full_20260928_234512_701.jpg,images\passable\roi_20260929_040629_719.jpg
full\full_20260928_234514_413.jpg,images\passable\roi_20260929_040636_235.jpg
full\full_20260928_234516_748.jpg,images\passable\roi_20260929_040636_705.jpg
full\full_20260928_234518_707.jpg,images\no_ground\roi_20260929_040642_516.jpg
full\full_20260928_234521_103.jpg,images\passable\roi_20260929_040644_016.jpg
full\full_20260928_234524_730.jpg,images\passable\roi_20260929_040647_963.jpg
full\full_20260928_234526_691.jpg,images\blocked\roi_20260929_040649_009.jpg
full\full_20260928_234528_963.jpg,images\passable\roi_20260929_040652_479.jpg
full\full_20260928_234531_236.jpg,images\passable\roi_20260929_040653_381.jpg
full\full_20260928_234533_193.jpg,images\passable\roi_20260929_040654_249.jpg
full\full_20260928_234534_783.jpg,images\passable\roi_20260929_040654_963.jpg
full\full_20260928_234536_932.jpg,images\passable\roi_20260929_040656_319.jpg
full\full_20260928_234538_638.jpg,images\blocked\roi_20260929_040657_308.jpg
full\full_20260928_234540_853.jpg,images\blocked\roi_20260929_040657_940.jpg
full\full_20260928_234542_186.jpg,images\blocked\roi_20260929_040658_944.jpg
full\full_20260928_234544_216.jpg,images\passable\roi_20260929_040700_569.jpg
full\full_20260928_234546_245.jpg,images\passable\roi_20260929_040702_060.jpg
full\full_20260928_234558_261.jpg,images\passable\roi_20260929_040707_521.jpg
full\full_20260928_234559_911.jpg,images\passable\roi_20260929_040708_081.jpg
full\full_20260928_234602_130.jpg,images\passable\roi_20260929_040708_717.jpg
full\full_20260928_234603_718.jpg,images\passable\roi_20260929_040709_492.jpg
full\full_20260928_234605_989.jpg,images\passable\roi_20260929_040710_741.jpg
full\full_20260928_234607_698.jpg,images\passable\roi_20260929_040711_184.jpg
full\full_20260928_234609_537.jpg,images\passable\roi_20260929_040711_876.jpg
full\full_20260928_234610_941.jpg,images\passable\roi_20260929_040712_450.jpg
full\full_20260928_234615_075.jpg,images\passable\roi_20260929_040716_529.jpg
full\full_20260928_234617_354.jpg,images\blocked\roi_20260929_040719_420.jpg
full\full_20260928_234619_140.jpg,images\passable\roi_20260929_040720_027.jpg
full\full_20260928_234621_182.jpg,images\passable\roi_20260929_040720_682.jpg
full\full_20260928_234622_594.jpg,images\passable\roi_20260929_040721_212.jpg
full\full_20260928_234624_503.jpg,images\blocked\roi_20260929_040726_393.jpg
full\full_20260928_234626_964.jpg,images\passable\roi_20260929_040728_424.jpg
full\full_20260928_234629_426.jpg,images\passable\roi_20260929_040730_622.jpg
full\full_20260928_234631_150.jpg,images\passable\roi_20260929_040731_152.jpg
full\full_20260928_234633_567.jpg,images\passable\roi_20260929_040731_627.jpg
full\full_20260928_234637_272.jpg,images\passable\roi_20260929_040739_229.jpg
full\full_20260928_234639_676.jpg,images\passable\roi_20260929_040739_987.jpg
full\full_20260928_234641_025.jpg,images\passable\roi_20260929_040740_477.jpg
full\full_20260928_234644_346.jpg,images\passable\roi_20260929_040745_848.jpg
full\full_20260928_234646_878.jpg,images\passable\roi_20260929_040746_424.jpg
full\full_20260928_234648_541.jpg,images\passable\roi_20260929_040746_829.jpg
full\full_20260928_234650_129.jpg,images\passable\roi_20260929_040747_263.jpg
full\full_20260928_234652_093.jpg,images\blocked\roi_20260929_040749_651.jpg
full\full_20260928_234653_626.jpg,images\passable\roi_20260929_040753_152.jpg
full\full_20260928_234655_339.jpg,images\passable\roi_20260929_040753_770.jpg
full\full_20260928_234657_114.jpg,images\passable\roi_20260929_040754_449.jpg
full\full_20260928_234659_271.jpg,images\passable\roi_20260929_040757_325.jpg
full\full_20260928_234705_174.jpg,images\passable\roi_20260929_040759_474.jpg
full\full_20260928_234706_570.jpg,images\passable\roi_20260929_040800_442.jpg
full\full_20260928_234708_162.jpg,images\passable\roi_20260929_040801_476.jpg
full\full_20260928_234710_636.jpg,images\blocked\roi_20260929_040803_533.jpg
full\full_20260928_234712_590.jpg,images\blocked\roi_20260929_040804_939.jpg
full\full_20260928_234714_621.jpg,images\blocked\roi_20260929_040805_934.jpg
full\full_20260928_234716_906.jpg,images\blocked\roi_20260929_040806_522.jpg
full\full_20260928_234719_362.jpg,images\passable\roi_20260929_040808_172.jpg
full\full_20260928_234721_255.jpg,images\blocked\roi_20260929_040809_330.jpg
full\full_20260928_234728_271.jpg,images\blocked\roi_20260929_040813_870.jpg
full\full_20260928_234730_107.jpg,images\passable\roi_20260929_040816_041.jpg
full\full_20260928_234731_946.jpg,images\passable\roi_20260929_040816_725.jpg
full\full_20260928_234733_785.jpg,images\passable\roi_20260929_040817_478.jpg
full\full_20260928_234737_775.jpg,images\blocked\roi_20260929_040820_356.jpg
full\full_20260928_234740_054.jpg,images\passable\roi_20260929_040824_664.jpg
full\full_20260928_234742_209.jpg,images\passable\roi_20260929_040825_186.jpg
full\full_20260928_234744_477.jpg,images\passable\roi_20260929_040825_922.jpg
full\full_20260928_234747_849.jpg,images\blocked\roi_20260929_040832_615.jpg
full\full_20260928_234750_066.jpg,images\passable\roi_20260929_040834_147.jpg
full\full_20260928_234752_088.jpg,images\blocked\roi_20260929_040835_292.jpg
full\full_20260928_234753_795.jpg,images\passable\roi_20260929_040836_847.jpg
full\full_20260928_234755_568.jpg,images\blocked\roi_20260929_040838_658.jpg
full\full_20260928_234758_089.jpg,images\passable\roi_20260929_040839_714.jpg
full\full_20260928_234759_422.jpg,images\blocked\roi_20260929_040840_504.jpg
full\full_20260928_234801_699.jpg,images\passable\roi_20260929_040842_791.jpg
full\full_20260928_234806_240.jpg,images\passable\roi_20260929_040844_697.jpg
full\full_20260928_234808_513.jpg,images\blocked\roi_20260929_040845_609.jpg
full\full_20260928_234810_283.jpg,images\passable\roi_20260929_040848_259.jpg
full\full_20260928_234812_182.jpg,images\passable\roi_20260929_040849_854.jpg
full\full_20260928_234822_347.jpg,images\passable\roi_20260929_040856_330.jpg
full\full_20260928_234842_500.jpg,images\passable\roi_20260929_040904_652.jpg
full\full_20260928_234844_647.jpg,images\passable\roi_20260929_040905_563.jpg
full\full_20260928_234846_172.jpg,images\passable\roi_20260929_040906_341.jpg
full\full_20260928_234851_093.jpg,images\passable\roi_20260929_040908_236.jpg
full\full_20260928_234855_725.jpg,images\blocked\roi_20260929_040910_717.jpg
full\full_20260928_234857_183.jpg,images\passable\roi_20260929_040914_252.jpg
full\full_20260928_234858_904.jpg,images\passable\roi_20260929_040917_371.jpg
full\full_20260928_234910_752.jpg,images\blocked\roi_20260929_040922_569.jpg
full\full_20260928_234912_416.jpg,images\blocked\roi_20260929_040924_371.jpg
full\full_20260928_234914_681.jpg,images\blocked\roi_20260929_040925_853.jpg
full\full_20260928_234916_274.jpg,images\blocked\roi_20260929_040926_743.jpg
full\full_20260928_234923_119.jpg,images\passable\roi_20260929_040929_718.jpg
full\full_20260928_234924_910.jpg,images\passable\roi_20260929_040930_799.jpg
full\full_20260928_234926_385.jpg,images\passable\roi_20260929_040931_227.jpg
full\full_20260928_234928_364.jpg,images\passable\roi_20260929_040931_882.jpg
full\full_20260928_234930_154.jpg,images\passable\roi_20260929_040932_284.jpg
full\full_20260928_234932_496.jpg,images\passable\roi_20260929_040933_804.jpg
full\full_20260928_234934_151.jpg,images\passable\roi_20260929_040950_330.jpg
full\full_20260928_234936_678.jpg,images\passable\roi_20260929_040951_061.jpg
full\full_20260928_234938_892.jpg,images\passable\roi_20260929_040951_696.jpg
full\full_20260928_234941_042.jpg,images\passable\roi_20260929_040952_046.jpg
full\full_20260928_234943_200.jpg,images\blocked\roi_20260929_040953_500.jpg
full\full_20260928_234945_664.jpg,images\blocked\roi_20260929_040955_095.jpg
full\full_20260928_234947_884.jpg,images\passable\roi_20260929_040957_292.jpg
full\full_20260928_234950_279.jpg,images\passable\roi_20260929_040958_066.jpg
full\full_20260928_234952_739.jpg,images\blocked\roi_20260929_041004_815.jpg
full\full_20260928_234955_070.jpg,images\passable\roi_20260929_041005_411.jpg
full\full_20260928_234957_219.jpg,images\passable\roi_20260929_041005_804.jpg
full\full_20260928_234958_932.jpg,images\passable\roi_20260929_041006_151.jpg
full\full_20260928_235001_265.jpg,images\passable\roi_20260929_041006_828.jpg
full\full_20260928_235002_978.jpg,images\passable\roi_20260929_041007_784.jpg
full\full_20260928_235005_395.jpg,images\passable\roi_20260929_041008_478.jpg
full\full_20260928_235007_690.jpg,images\passable\roi_20260929_041009_825.jpg
full\full_20260928_235009_830.jpg,images\passable\roi_20260929_041010_493.jpg
full\full_20260928_235014_314.jpg,images\passable\roi_20260929_041014_668.jpg
full\full_20260928_235015_838.jpg,images\passable\roi_20260929_041015_829.jpg
full\full_20260928_235018_247.jpg,images\passable\roi_20260929_041016_447.jpg
full\full_20260928_235019_648.jpg,images\passable\roi_20260929_041016_926.jpg
full\full_20260928_235021_681.jpg,images\blocked\roi_20260929_041017_942.jpg
full\full_20260928_235024_154.jpg,images\passable\roi_20260929_041018_964.jpg
full\full_20260928_235026_184.jpg,images\passable\roi_20260929_041020_279.jpg
full\full_20260928_235028_524.jpg,images\passable\roi_20260929_041020_816.jpg
full\full_20260928_235030_169.jpg,images\passable\roi_20260929_041021_350.jpg
full\full_20260928_235032_582.jpg,images\passable\roi_20260929_041022_452.jpg
full\full_20260928_235035_050.jpg,images\passable\roi_20260929_041023_155.jpg
full\full_20260928_235037_025.jpg,images\passable\roi_20260929_041025_430.jpg
full\full_20260928_235038_431.jpg,images\passable\roi_20260929_041026_330.jpg
full\full_20260928_235042_418.jpg,images\passable\roi_20260929_041029_770.jpg
full\full_20260928_235044_506.jpg,images\passable\roi_20260929_041030_464.jpg
full\full_20260928_235046_332.jpg,images\no_ground\roi_20260929_041033_952.jpg
full\full_20260928_235048_295.jpg,images\no_ground\roi_20260929_041034_438.jpg
full\full_20260928_235050_374.jpg,images\no_ground\roi_20260929_041035_256.jpg
full\full_20260928_235055_419.jpg,images\no_ground\roi_20260929_041037_790.jpg
full\full_20260928_235057_321.jpg,images\no_ground\roi_20260929_041038_434.jpg
full\full_20260928_233816_298.jpg,images\blocked\roi_20260929_042147_913.jpg
full\full_20260928_233822_055.jpg,images\passable\roi_20260929_042150_901.jpg
full\full_20260928_234221_798.jpg,images\blocked\roi_20260929_042239_450.jpg
